-- MariaDB dump 10.19-11.3.2-MariaDB, for Win64 (AMD64)
--
-- Host: localhost    Database: fotobus
-- ------------------------------------------------------
-- Server version	11.3.2-MariaDB

/*!40101 SET @OLD_CHARACTER_SET_CLIENT=@@CHARACTER_SET_CLIENT */;
/*!40101 SET @OLD_CHARACTER_SET_RESULTS=@@CHARACTER_SET_RESULTS */;
/*!40101 SET @OLD_COLLATION_CONNECTION=@@COLLATION_CONNECTION */;
/*!40101 SET NAMES utf8mb4 */;
/*!40103 SET @OLD_TIME_ZONE=@@TIME_ZONE */;
/*!40103 SET TIME_ZONE='+00:00' */;
/*!40014 SET @OLD_UNIQUE_CHECKS=@@UNIQUE_CHECKS, UNIQUE_CHECKS=0 */;
/*!40014 SET @OLD_FOREIGN_KEY_CHECKS=@@FOREIGN_KEY_CHECKS, FOREIGN_KEY_CHECKS=0 */;
/*!40101 SET @OLD_SQL_MODE=@@SQL_MODE, SQL_MODE='NO_AUTO_VALUE_ON_ZERO' */;
/*!40111 SET @OLD_SQL_NOTES=@@SQL_NOTES, SQL_NOTES=0 */;

--
-- Table structure for table `archive`
--

DROP TABLE IF EXISTS `archive`;
/*!40101 SET @saved_cs_client     = @@character_set_client */;
/*!40101 SET character_set_client = utf8 */;
CREATE TABLE `archive` (
  `ARCHIVE_ID` int(11) NOT NULL AUTO_INCREMENT,
  `VKID` bigint(20) DEFAULT NULL,
  `FIELDA` varchar(255) DEFAULT NULL,
  `FIELDB` varchar(255) DEFAULT NULL,
  `FIELDC` varchar(255) DEFAULT NULL,
  `T` timestamp NOT NULL DEFAULT current_timestamp() ON UPDATE current_timestamp(),
  `IP` char(50) DEFAULT NULL,
  PRIMARY KEY (`ARCHIVE_ID`)
) ENGINE=InnoDB AUTO_INCREMENT=8 DEFAULT CHARSET=utf8mb3 COLLATE=utf8mb3_general_ci;
/*!40101 SET character_set_client = @saved_cs_client */;

--
-- Dumping data for table `archive`
--

LOCK TABLES `archive` WRITE;
/*!40000 ALTER TABLE `archive` DISABLE KEYS */;
INSERT INTO `archive` VALUES
(1,348066085,'Alex_TrofimovАлексейScania Omnilink I','','Это демонстрационный профиль','2024-07-25 10:25:14','127.0.0.1'),
(2,348066085,'11306','Улица ПолеваяМаршрут: 32024-07-13','','2024-07-25 10:27:26','127.0.0.1'),
(3,348066085,'29058','К/ст Аэропорт \"Угрюмоч\"Маршрут: Т42024-07-01','','2024-07-25 10:29:46','127.0.0.1'),
(4,348066085,'37366','К/ст Аэропорт \"Угрюмоч\"Маршрут: 32024-06-28','улица Ленина','2024-07-25 10:33:05','127.0.0.1'),
(5,348066085,'45475','Магистральное шоссеМаршрут: 712024-06-27','','2024-07-25 10:34:35','127.0.0.1'),
(6,348066085,'54118','ТЧЭ-13242024-04-01','Выезжает из депо','2024-07-25 10:38:20','127.0.0.1'),
(7,348066085,'69238','ПровинцТрансМаш ПГТ Волчанск2024-07-01','Трамвайный завод Провинции','2024-07-25 10:58:19','127.0.0.1');
/*!40000 ALTER TABLE `archive` ENABLE KEYS */;
UNLOCK TABLES;

--
-- Table structure for table `atps`
--

DROP TABLE IF EXISTS `atps`;
/*!40101 SET @saved_cs_client     = @@character_set_client */;
/*!40101 SET character_set_client = utf8 */;
CREATE TABLE `atps` (
  `ATP_ID` char(20) NOT NULL,
  `NAME` varchar(50) DEFAULT NULL,
  `ABOUT` varchar(255) DEFAULT NULL,
  `CITI_ROUTES` varchar(50) DEFAULT NULL,
  `COMMUTER_ROUTES` varchar(50) DEFAULT NULL,
  `INTERCITY_ROUTES` varchar(50) DEFAULT NULL,
  `VK` varchar(50) DEFAULT NULL,
  `TYPE` varchar(5) NOT NULL DEFAULT 'test',
  `STAGE` tinyint(4) NOT NULL DEFAULT 0 CHECK (`STAGE` >= 0 and `STAGE` <= 10),
  PRIMARY KEY (`ATP_ID`)
) ENGINE=InnoDB DEFAULT CHARSET=utf8mb4 COLLATE=utf8mb4_general_ci;
/*!40101 SET character_set_client = @saved_cs_client */;

--
-- Dumping data for table `atps`
--

LOCK TABLES `atps` WRITE;
/*!40000 ALTER TABLE `atps` DISABLE KEYS */;
INSERT INTO `atps` VALUES
('airport','Аэропорт \"Угрюмоч\"','Воздушная гавань Провинции','','','','','plane',0),
('atp63','МП \"ПассажирАвтоТранс\"','Муниципальный автобусный перевозчик города Приволжск','21, 30, 34, 38','55','','','mpatp',0),
('atp77','Мирнинское АТП','Муниципальный автобусный перевозчик города Мирный','79, 82, 90','71','126','','mpatp',0),
('atp78','АТП Невского','Муниципальный автобусный перевозчик города Невский','M1, 18, 47','145','400, 564, 632','','mpatp',0),
('atp93','АТП Жуковского','Муниципальный перевозчик пгт. Жуковского','','145, 171, 181','','','mpatp',0),
('atp98','АТП Волчанска','Муниципальные автобусные перевозки в Невской и Мирнинской области','','132','476','','mpatp',0),
('depo01_priv','Восточное трамвайное депо №1 Приволжска','Включает основные маршруты Приволжска. Введено в эксплуатацию 07.2015. Перевозчик МП ТТУ Приволжска','2, 8, 13, 24','','','','tram',0),
('depo02_priv','Западное трамвайное депо №2 Приволжска','Обслуживает маршруты в западной части Приволжска. Введено в эксплуатацию 09.2019. Перевозчик МП ТТУ Приволжска','7, 8, 19, 22','','','','tram',0),
('depo_mirniy','Левобережное трамвайное депо Мирного','Построено и введено в эксплуатацию 12.2014. В 2014 - 2017 служба пути. С 06.2017 единственное и основное трамвайное депо Мирного. Перевозчик - МУП ГЭТ ТТУ Мирного','3, 5, 8, 15','','','','tram',0),
('depo_mirniy_muzey','Экспозиционно-выставочный комплекс (г. Мирный) ','Музей трамваев Провинции','','','','','tram',3),
('depo_mirniy_old','Правобережное трамвайное депо Мирного','Функционировало с 12.2014 по 06.2017. В настоящее время территория застроена','Т','','','','tram',2),
('depo_nevskiy','Совмещенный Трамвайно Троллейбусный Парк Невского','Введен в эксплуатацию 06.2018 Перевозчик - МУП ГЭТ Невского','43, 52, 64, 100','','','','tram',0),
('depo_volchansk','Волчанское Трамвайное Управление','Введено в эксплуатацию 09.2019. Однопутное движение - объем выпуска только один вагон.','','Рыбкомбинат','','','tram',0),
('depo_zhykovskiy','Жуковское Трамвайное Управление','Введено в эксплуатацию 04.2017. В настоящее время только однопутное пассажирское движение','','Лесопилка','','','tram',0),
('electrobus_mirniy','Филиал Центральный (АТП г. Мирный)','Центральный электробусный парк Мирного. (На базе городского АТП) Введен в эксплуатацию 03.2020','Т4, Т5, Т6','','','','ebus',0),
('fleet_mirniy','Мирнинское водохранилище','Мирнинское водохранилище - акватория, отделенная дамбой ГЭС. Включает речной вокзал и пристань Сити','','','','','fleet',0),
('fleet_nevskiy','Невский залив','Невский залив - акватория омывающая берега города на Неве - Невского. Включает речной вокзал, ряд пристаней и водную школу','','','','','fleet',0),
('fleet_out','Тихий океан','Внешний воды Провинции. Включает Морской порт Невского','','','','','fleet',0),
('fleet_priva','Волжский залив','Центральная акватория Провинции. Включает речной вокзал Приволжска и пристань у аэропорта','','','','','fleet',0),
('metro_nevskiy','Метродепо  Невского','Было построено и введено в эксплуатацию 06.2018. С 05.2022 закрыто на длительную реконструкцию','','','','','metro',1),
('metro_priv','ТЧ1 \"Айдарово\" (Метродепо Приволжска)','Было построено и введено в эксплуатацию 08.2016. С 05.2022 закрыто на длительную реконструкцию','','','','','metro',1),
('monorail','Монорельсовое депо (г. Мирный)','Мирнинская Монорельсовая Транспортная Система. Введена в эксплантацию 06.2017','Правый берег Мирного','','','','metro',0),
('specatp','Автобусы государственных организаций','Автобусы, предназначенные для служебных перевозок','','','','','mpatp',8),
('tch1','ТЧЭ-1 \"Мирный\"','Основное и единственное депо, обслуживающее Приволжскую Железную дорогу. Введено в эксплуатацию 02.2019','Мирный-Невский-Приволжск','','','rshd_province_2','train',0),
('tch2','ТЧ-2 Октябрьское (г. Невский)','База запаса локомотивов. Без регулярного движения','','','','','train',1),
('tch3','ТЧ-3 Электродепо (г. Приволжск)','Запуск электричек осуществлен не был. С 04.2022 территория заброшена','','','','','train',7),
('tram_zavod','ПровинцТрансМаш (пгт. Волчанск)','Трамвайный завод Провинции','','','','','tram',4),
('troll01_priv','Троллейбусное депо №1 Приволжска','Было построено 07.2015, однако в эксплуатацию введено не было из-за отмены троллейбусной линии в Центре Приволжска. С 06.2016 на территории АТП','','','','','troll',7),
('troll02_priv','Троллейбусное депо №2 Приволжска','Построено 06.2016, введено в эксплуатацию 10.2017. Перевозчик МП ТТУ Приволжска','8, 10, 15','','','','troll',0),
('troll_mirniy','Троллейбусное депо Мирного','Введено в эксплуатацию 07.2015.  Перевозчик - МУП ГЭТ ТТУ Мирного','1, 2, 3','','','','troll',0),
('troll_nevskiy','Совмещенный Трамвайно Троллейбусный Парк Невского','Введен в эксплуатацию 06.2018 Перевозчик - МУП ГЭТ Невского','7, 11, 16','','','','troll',0);
/*!40000 ALTER TABLE `atps` ENABLE KEYS */;
UNLOCK TABLES;

--
-- Table structure for table `buses`
--

DROP TABLE IF EXISTS `buses`;
/*!40101 SET @saved_cs_client     = @@character_set_client */;
/*!40101 SET character_set_client = utf8 */;
CREATE TABLE `buses` (
  `BUS_ID` int(11) NOT NULL AUTO_INCREMENT,
  `GOS_NUMBER` char(9) DEFAULT NULL,
  `NUMBER` int(11) DEFAULT NULL,
  `STAGE` int(11) DEFAULT NULL,
  `MODEL` varchar(100) DEFAULT NULL,
  `MADE` date DEFAULT NULL,
  `START` date DEFAULT NULL,
  `END` date DEFAULT NULL,
  `DELETED` date DEFAULT NULL,
  `ABOUT` varchar(255) DEFAULT NULL,
  `PARK` varchar(50) DEFAULT NULL,
  `ATP_ID` char(20) DEFAULT NULL,
  PRIMARY KEY (`BUS_ID`),
  KEY `bus_atp` (`ATP_ID`),
  KEY `BUS_MODEL` (`MODEL`),
  CONSTRAINT `BUS_MODEL` FOREIGN KEY (`MODEL`) REFERENCES `models` (`MODEL`) ON UPDATE CASCADE,
  CONSTRAINT `bus_atp` FOREIGN KEY (`ATP_ID`) REFERENCES `atps` (`ATP_ID`) ON UPDATE CASCADE
) ENGINE=InnoDB AUTO_INCREMENT=2226 DEFAULT CHARSET=utf8mb4 COLLATE=utf8mb4_general_ci;
/*!40101 SET character_set_client = @saved_cs_client */;

--
-- Dumping data for table `buses`
--

LOCK TABLES `buses` WRITE;
/*!40000 ALTER TABLE `buses` DISABLE KEYS */;
INSERT INTO `buses` VALUES
(24,'МВ75863',NULL,9,'Mercedes-Benz O345','1997-04-15','2017-06-17','0000-00-00','0000-00-00','21, 30, 34, 38, 55','АТП №1','atp63'),
(48,'РН96563',NULL,9,'Hyundai County SWB C08','2008-06-27','2019-09-18','0000-00-00','0000-00-00','21, 30, 34, 38, 55','АТП №1','atp63'),
(108,'Зав. 3254',NULL,0,'ТЭП70БС','2011-09-12','2019-02-08','0000-00-00','0000-00-00','В составе поезда ПАСС-4','','tch1'),
(366,'806',NULL,0,'Tatra T3SU (двухдверная)','1976-10-12','2019-09-18','0000-00-00','0000-00-00','Маршрут: 8','','depo02_priv'),
(367,'762',NULL,0,'Tatra T3SU','1979-12-01','2019-09-18','0000-00-00','0000-00-00','Маршрут: 8','','depo02_priv'),
(368,'2119',NULL,0,'Tatra T3SU (двухдверная)','1975-03-02','2019-09-18','0000-00-00','0000-00-00','Маршрут: 7','','depo02_priv'),
(369,'1092',NULL,0,'71-405','2009-06-29','2019-09-18','0000-00-00','0000-00-00','Маршрут: 7','','depo02_priv'),
(370,'1021',NULL,0,'Tatra T6B5SU','1988-04-03','2019-09-18','0000-00-00','0000-00-00','Маршрут: 19 СМЕ: 1021+1022','','depo02_priv'),
(371,'1022',NULL,0,'Tatra T6B5SU','1988-05-17','2019-09-18','0000-00-00','0000-00-00','Маршрут: 19 СМЕ: 1021+1022','','depo02_priv'),
(372,'1061',NULL,0,'71-405','2009-05-15','2019-09-18','0000-00-00','0000-00-00','Маршрут: 19 СМЕ: 1061+1119','','depo02_priv'),
(373,'1119',NULL,0,'71-405','2009-05-15','2019-09-18','0000-00-00','0000-00-00','Маршрут: 19 СМЕ: 1061+1119','','depo02_priv'),
(374,'1063',NULL,0,'71-405','2009-01-25','2019-09-18','0000-00-00','0000-00-00','Маршрут: 19 СМЕ: 1063+1064','','depo02_priv'),
(375,'1064',NULL,0,'71-405','2009-01-28','2019-09-18','0000-00-00','0000-00-00','Маршрут: 19 СМЕ: 1063+1064','','depo02_priv'),
(376,'1214',NULL,0,'Tatra T6B5SU','1992-08-09','2019-09-18','0000-00-00','0000-00-00','Маршрут: 22','','depo02_priv'),
(377,'1215',NULL,0,'Tatra T6B5SU','1992-07-09','2019-09-18','0000-00-00','0000-00-00','Маршрут: 22 СМЕ: 1215+1216','','depo02_priv'),
(378,'1216',NULL,0,'Tatra T6B5SU','1992-07-24','2019-09-18','0000-00-00','0000-00-00','Маршрут: 22 СМЕ: 1215+1216','','depo02_priv'),
(379,'1090',NULL,0,'71-405','2009-09-21','2019-09-18','0000-00-00','0000-00-00','Маршрут: 22 СМЕ: 1090+1091','','depo02_priv'),
(380,'1091',NULL,0,'71-405','2009-09-28','2019-09-18','0000-00-00','0000-00-00','Маршрут: 22 СМЕ: 1090+1091','','depo02_priv'),
(381,'1163',NULL,1,'Tatra T3SU (двухдверная)','1974-02-15','2019-09-18','0000-00-00','0000-00-00','Маршрут: 22 СМЕ: 1163+1164','','depo02_priv'),
(382,'1164',NULL,1,'Tatra T3SU (двухдверная)','1974-02-18','2019-09-18','0000-00-00','0000-00-00','Маршрут: 22 СМЕ: 1163+1164','','depo02_priv'),
(453,'1079',NULL,0,'71-405','2008-12-26','2018-12-31','0000-00-00','0000-00-00','Маршрут 24 СМЕ 1079+1080. Первый УТМ в Приволжске.\r\n','','depo01_priv'),
(454,'1080',NULL,0,'71-405','2008-01-17','2018-12-31','0000-00-00','0000-00-00','Маршрут 24 СМЕ 1079+1080. Первый УТМ в Приволжске.\r\n','','depo01_priv'),
(455,'1033',NULL,0,'Tatra T6B5SU','1992-03-09','2016-06-13','0000-00-00','0000-00-00','Маршрут: 24 СМЕ: 1033+1034\r\n','','depo01_priv'),
(456,'1034',NULL,0,'Tatra T6B5SU','1992-03-27','2016-06-13','0000-00-00','0000-00-00','Маршрут: 24 СМЕ: 1033+1034\r\n','','depo01_priv'),
(457,'1047',NULL,0,'Tatra T6B5SU','1992-04-12','2016-06-13','0000-00-00','0000-00-00','Маршрут: 24 СМЕ: 1047+1048\r\n','','depo01_priv'),
(458,'1048',NULL,0,'Tatra T6B5SU','1992-04-24','2016-06-13','0000-00-00','0000-00-00','Маршрут: 24 СМЕ: 1047+1048\r\n','','depo01_priv'),
(459,'1053',NULL,0,'Tatra T6B5SU','1992-04-24','2016-07-08','0000-00-00','0000-00-00','Маршрут: 24 СМЕ: 1053+1054\r\n','','depo01_priv'),
(460,'1054',NULL,0,'Tatra T6B5SU','1992-04-24','2016-07-21','0000-00-00','0000-00-00','Маршрут: 24 СМЕ: 1053+1054\r\n','','depo01_priv'),
(461,'2152',NULL,0,'Tatra T3SU','1987-11-10','2016-07-21','0000-00-00','0000-00-00','Маршрут: 24 СМЕ 2152+2154\r\n','','depo01_priv'),
(462,'2154',NULL,0,'Tatra T3SU','1987-11-15','2016-07-21','0000-00-00','0000-00-00','Маршрут: 24 СМЕ 2152+2154\r\n','','depo01_priv'),
(463,'2125',NULL,0,'Tatra T3SU','1987-03-02','2016-07-21','0000-00-00','0000-00-00','Маршрут: 25 СМЕ 2125+2126\r\n','','depo01_priv'),
(464,'2126',NULL,0,'Tatra T3SU','1987-03-07','2016-07-21','0000-00-00','0000-00-00','Маршрут: 25 СМЕ 2125+2126\r\n','','depo01_priv'),
(465,'2182',NULL,0,'Tatra T3SU (двухдверная)','1987-03-15','2016-07-21','0000-00-00','0000-00-00','Маршрут: 25 СМЕ 2182+2183\r\n','','depo01_priv'),
(466,'2183',NULL,0,'Tatra T3SU (двухдверная)','1987-04-01','2016-07-21','0000-00-00','0000-00-00','Маршрут: 25 СМЕ 2182+2183\r\n','','depo01_priv'),
(467,'2169',NULL,0,'Tatra T3SU','1987-04-10','2016-07-21','0000-00-00','0000-00-00','Маршрут: 25 СМЕ 2169+2170\r\n','','depo01_priv'),
(468,'2170',NULL,0,'Tatra T3SU','1987-04-15','2016-07-21','0000-00-00','0000-00-00','Маршрут: 25 СМЕ 2169+2170\r\n','','depo01_priv'),
(469,'2141',NULL,0,'Tatra T3SU','1987-04-20','2016-07-21','0000-00-00','0000-00-00','Маршрут: 25 СМЕ 2141+2142\r\n','','depo01_priv'),
(470,'2142',NULL,0,'Tatra T3SU','1987-05-03','2016-07-21','0000-00-00','0000-00-00','Маршрут: 25 СМЕ 2141+2142\r\n','','depo01_priv'),
(471,'2155',NULL,0,'Tatra T3SU','1987-05-10','2016-07-21','0000-00-00','0000-00-00','Маршрут: 25 СМЕ 2155+2156\r\n','','depo01_priv'),
(472,'2156',NULL,0,'Tatra T3SU','1987-05-15','2016-07-21','0000-00-00','0000-00-00','Маршрут: 25 СМЕ 2155+2156\r\n','','depo01_priv'),
(473,'2157',NULL,0,'Tatra T3SU','1987-05-15','2016-07-21','0000-00-00','0000-00-00','Маршрут: 13\r\n','','depo01_priv'),
(474,'2002',NULL,0,'Tatra T3SU','1987-05-15','2016-07-21','0000-00-00','0000-00-00','Маршрут: 13 СМЕ 2002+2015\r\n','','depo01_priv'),
(475,'2015',NULL,0,'Tatra T3SU','1987-08-13','2016-07-21','0000-00-00','0000-00-00','Маршрут: 13 СМЕ 2002+2015\r\n','','depo01_priv'),
(476,'2196',NULL,0,'Tatra T3SU','1987-09-01','2016-07-21','0000-00-00','0000-00-00','Маршрут: 13 СМЕ 2196+2197\r\n','','depo01_priv'),
(477,'2197',NULL,0,'Tatra T3SU','1987-09-05','2016-07-21','0000-00-00','0000-00-00','Маршрут: 13 СМЕ 2196+2197\r\n','','depo01_priv'),
(478,'2172',NULL,0,'Tatra T3SU','1987-10-01','2016-07-21','0000-00-00','0000-00-00','Маршрут: 13 Трамвай №1 Провинции\r\n','','depo01_priv'),
(479,'2171',NULL,0,'Tatra T3SU','1987-08-01','2016-07-21','0000-00-00','0000-00-00','Маршрут: 2\r\n','','depo01_priv'),
(480,'2119',NULL,0,'Tatra T3SU','1987-08-16','2016-07-21','0000-00-00','0000-00-00','Маршрут: 2\r\n','','depo01_priv'),
(481,'2003',NULL,0,'Tatra T3SU','1987-08-16','2017-09-29','0000-00-00','0000-00-00','Служебный. Поливомоечный\r\n','','depo01_priv'),
(482,'2006',NULL,0,'Tatra T3SU','1987-01-07','2017-09-29','0000-00-00','0000-00-00','Служебный. Поливомоечный\r\n','','depo01_priv'),
(483,'2008',NULL,0,'Tatra T3SU','1987-01-09','2017-09-29','0000-00-00','0000-00-00','Служебный. Поливомоечный\r\n','','depo01_priv'),
(484,'2839',NULL,0,'Tatra T3SU','1987-02-14','2017-09-29','0000-00-00','0000-00-00','Служебный. Поливомоечный\r\n','','depo01_priv'),
(485,'Зав. 193',NULL,1,'ГС-4 (КРТТЗ)','1965-04-14','2017-01-01','0000-00-00','0000-00-00','Служебный. Снегоочиститель\r\n','','depo01_priv'),
(486,'Зав. 240',NULL,1,'ГС-4 (КРТТЗ)','1968-05-14','2017-01-01','0000-00-00','0000-00-00','Служебный. Снегоочиститель\r\n','','depo01_priv'),
(487,'Зав. 254',NULL,1,'ГС-4 (КРТТЗ)','1969-06-21','2017-01-01','0000-00-00','0000-00-00','Служебный. Снегоочиститель\r\n','','depo01_priv'),
(488,'Зав. 295',NULL,1,'ГС-4 (КРТТЗ)','1971-03-21','2017-01-01','0000-00-00','0000-00-00','Служебный. Снегоочиститель\r\n','','depo01_priv'),
(489,'Зав169302',NULL,4,'Tatra T3SU','1980-03-21','2015-08-01','0000-00-00','2016-05-31','\r\n','','depo01_priv'),
(490,'Зав169318',NULL,4,'Tatra T3SU','1980-03-21','2015-08-01','0000-00-00','2016-05-31','\r\n','','depo01_priv'),
(491,'Зав169316',NULL,4,'Tatra T3SU','1980-03-21','2015-08-01','0000-00-00','2016-05-31','\r\n','','depo01_priv'),
(492,'Зав170249',NULL,4,'Tatra T3SU','1981-07-21','2015-08-01','0000-00-00','2016-05-31','\r\n','','depo01_priv'),
(493,'Зав161665',NULL,4,'Tatra T3SU (двухдверная)','1973-07-21','2015-08-01','0000-00-00','2016-05-31','\r\n','','depo01_priv'),
(494,'Зав167119',NULL,4,'Tatra T3SU','1978-07-21','2015-08-01','0000-00-00','2016-05-31','','','depo01_priv'),
(495,'Зав160976',NULL,4,'Tatra T3SU (двухдверная)','1972-07-21','2015-08-01','0000-00-00','2016-05-31','\r\n','','depo01_priv'),
(496,'Зав160971',NULL,4,'Tatra T3SU (двухдверная)','1972-07-21','2015-08-01','0000-00-00','2016-05-31','\r\n','','depo01_priv'),
(497,'Зав10288',NULL,4,'71-605 (КТМ-5М3)','1986-06-24','2015-08-01','0000-00-00','2016-05-31','\r\n','','depo01_priv'),
(498,'Зав10286',NULL,4,'71-605 (КТМ-5М3)','1986-06-28','2015-08-01','0000-00-00','2016-05-31','\r\n','','depo01_priv'),
(499,'0000',NULL,0,'Tatra T3SU (двухдверная)','1987-02-10','2016-06-13','0000-00-00','0000-00-00','Служебный. Учебный','','depo01_priv'),
(500,'324',NULL,2,'Тролза-5265.08 «Мегаполис»','2009-03-02','0000-00-00','0000-00-00','0000-00-00','','','troll_mirniy'),
(501,'Зав. 4343',NULL,4,'ЗиУ-682Г','1993-02-01','2015-07-26','0000-00-00','2018-06-22','\r\n','','troll_mirniy'),
(502,'Зав. 9312',NULL,0,'ЗиУ-682Г-016.02','2009-04-05','2015-07-26','0000-00-00','0000-00-00','','','troll_mirniy'),
(503,'Зав. 9313',NULL,0,'ЗиУ-682Г-016.02','2009-04-05','2015-07-26','0000-00-00','0000-00-00','\r\n','','troll_mirniy'),
(505,'Зав. 13',NULL,0,'ЗиУ-682Г-016.02','2009-06-11','2018-06-22','0000-00-00','0000-00-00','\r\n','','troll_mirniy'),
(506,'Зав. 14',NULL,0,'ЗиУ-682Г-016.02','2009-06-11','2018-06-22','0000-00-00','0000-00-00','\r\n','','troll_mirniy'),
(507,'Зав. 15',NULL,0,'ЗиУ-682Г-016.02','2009-06-11','2018-06-22','0000-00-00','0000-00-00','\r\n','','troll_mirniy'),
(508,'Зав. 16',NULL,0,'ЗиУ-682Г-016.02','2009-06-11','2018-06-22','0000-00-00','0000-00-00','\r\n','','troll_mirniy'),
(509,'Зав. 17',NULL,0,'ЗиУ-682Г-016.02','2009-06-11','2018-06-22','0000-00-00','0000-00-00','\r\n','','troll_mirniy'),
(510,'Зав. 18',NULL,0,'ЗиУ-682Г-016.02','2009-06-11','2018-06-22','0000-00-00','0000-00-00','\r\n','','troll_mirniy'),
(511,'Зав. 19',NULL,0,'ЗиУ-682Г-016.02','2009-06-11','2018-06-22','0000-00-00','0000-00-00','\r\n','','troll_mirniy'),
(512,'Зав. 20',NULL,0,'ЗиУ-682Г-016.02','2009-06-11','2018-06-22','0000-00-00','0000-00-00','\r\n','','troll_mirniy'),
(514,'РН49963',0,0,'ЛиАЗ-677М','1991-07-05','2016-07-08','0000-00-00','0000-00-00','145-171-181','','atp93'),
(515,'НК80263',0,0,'ЛиАЗ-677М','1991-08-04','2016-07-08','0000-00-00','0000-00-00','145-171-183','','atp93'),
(516,'ОУ39063',0,0,'ЛиАЗ-677М','1991-02-21','2016-07-08','0000-00-00','0000-00-00','145-171-184','','atp93'),
(517,'НК80063',0,0,'ЛиАЗ-677М','1991-05-17','2016-07-08','0000-00-00','0000-00-00','145-171-185','','atp93'),
(518,'РН50163',0,0,'ЛиАЗ-677М','1991-11-02','2016-07-08','0000-00-00','0000-00-00','145-171-186','','atp93'),
(519,'АМ48363',0,0,'ЛиАЗ-677М','1991-10-06','2016-07-08','0000-00-00','0000-00-00','145-171-187','','atp93'),
(520,'УР69663',0,0,'ЛиАЗ-677М','1991-07-27','2016-07-08','0000-00-00','0000-00-00','145-171-188','','atp93'),
(521,'УР69563',0,0,'ЛиАЗ-677М','1991-04-23','2016-07-08','0000-00-00','0000-00-00','145-171-189','','atp93'),
(522,'МС79063',0,0,'ЛиАЗ-677М','1991-05-16','2016-07-08','0000-00-00','0000-00-00','145-171-190','','atp93'),
(523,'МС78963',0,0,'ЛиАЗ-677М','1991-08-11','2016-07-08','0000-00-00','0000-00-00','145-171-191','','atp93'),
(524,'МС78863',0,0,'ЛиАЗ-677М','1991-08-27','2016-07-08','0000-00-00','0000-00-00','145-171-192','','atp93'),
(525,'СО58463',0,0,'ЛиАЗ-677М','1991-12-03','2016-07-08','0000-00-00','0000-00-00','145-171-193','','atp93'),
(526,'СО58563',0,0,'ЛиАЗ-677М','1991-08-04','2016-07-08','0000-00-00','0000-00-00','145-171-194','','atp93'),
(527,'ОУ38963',0,0,'ЛиАЗ-677М','1991-10-11','2016-07-08','0000-00-00','0000-00-00','145-171-195','','atp93'),
(528,'2593САМ',0,4,'ЛиАЗ-677М','1991-04-21','0000-00-00','0000-00-00','2016-04-08','Бытовка на стройке','','atp93'),
(535,'ВМ00963',0,0,'Ikarus 250.59','1988-05-19','2019-09-18','0000-00-00','0000-00-00','132-476','','atp98'),
(536,'УВ70763',0,0,'Ikarus 250.59','1988-08-26','2019-09-18','0000-00-00','0000-00-00','132-476','','atp98'),
(537,'УВ70663',0,0,'Ikarus 250.59','1988-11-16','2019-09-18','0000-00-00','0000-00-00','132-476','','atp98'),
(538,'ОУ90663',0,0,'Ikarus 250.59','1988-09-15','2019-09-18','0000-00-00','0000-00-00','132-476','','atp98'),
(539,'КО10363',0,0,'Ikarus 250.59','1988-02-13','2019-09-18','0000-00-00','0000-00-00','132-476','','atp98'),
(540,'ОУ90463',0,0,'Ikarus 250.59','1988-06-04','2019-09-18','0000-00-00','0000-00-00','132-476','','atp98'),
(541,'КО10563',0,0,'Ikarus 250.59','1988-07-03','2019-09-18','0000-00-00','0000-00-00','132-476','','atp98'),
(542,'ВМ01163',0,0,'Ikarus 250.59','1988-09-27','2019-09-18','0000-00-00','0000-00-00','132-476','','atp98'),
(543,'МК81563',0,0,'Ikarus 250.59','1988-12-07','2019-09-18','0000-00-00','0000-00-00','132-476','','atp98'),
(544,'НК80463',0,0,'Ikarus 250.59','1988-07-28','2019-09-18','0000-00-00','0000-00-00','132-476','','atp98'),
(550,'УВ70863',0,0,'Ikarus 250.59','1988-04-13','2019-09-18','0000-00-00','0000-00-00','132-476','','atp98'),
(551,'ОУ39263',0,0,'ЛиАЗ-677М','1991-02-11','2016-07-08','0000-00-00','0000-00-00','145-171-182','','atp93'),
(552,'Зав. 66',NULL,0,'Gotha T57','1957-08-15','2017-04-19','0000-00-00','0000-00-00','\r\n','','depo_zhykovskiy'),
(553,'8',NULL,0,'71-605 (КТМ-5М3)','1985-07-21','2019-09-18','0000-00-00','0000-00-00','\r\n','','depo_volchansk'),
(554,'АН46378',666666,0,'Volgabus 5270.02','2016-05-10','2018-06-22','0000-00-00','0000-00-00','M1-18-47-145','','atp78'),
(555,'АН46578',666666,0,'Volgabus 5270.02','2016-05-05','2018-06-22','0000-00-00','0000-00-00','M1-18-47-145','','atp78'),
(556,'АН46678',666666,0,'Volgabus 5270.02','2016-09-16','2018-06-22','0000-00-00','0000-00-00','M1-18-47-145','','atp78'),
(557,'АН46278',666666,0,'Volgabus 5270.02','2016-06-15','2018-06-22','0000-00-00','0000-00-00','M1-18-47-145','','atp78'),
(558,'АН47078',666666,0,'Volgabus 5270.02','2016-07-08','2018-06-22','0000-00-00','0000-00-00','M1-18-47-145','','atp78'),
(559,'АН46878',666666,0,'Volgabus 5270.02','2016-03-08','2018-06-22','0000-00-00','0000-00-00','M1-18-47-145','','atp78'),
(560,'АН47378',666666,0,'Volgabus 5270.02','2016-04-14','2018-06-22','0000-00-00','0000-00-00','M1-18-47-145','','atp78'),
(561,'АН47278',666666,0,'Volgabus 5270.02','2016-10-16','2018-06-22','0000-00-00','0000-00-00','M1-18-47-145','','atp78'),
(562,'НВ76978',666666,0,'Volgabus 5270.02','2016-10-15','2018-06-22','0000-00-00','0000-00-00','M1-18-47-145','','atp78'),
(563,'НВ77178',666666,0,'Volgabus 5270.02','2016-02-06','2018-06-22','0000-00-00','0000-00-00','M1-18-47-145','','atp78'),
(564,'НВ77378',666666,0,'Volgabus 5270.02','2016-12-25','2018-06-22','0000-00-00','0000-00-00','M1-18-47-145','','atp78'),
(565,'ВО07778',666666,0,'Volgabus 5270.02','2016-11-17','2018-06-22','0000-00-00','0000-00-00','M1-18-47-145','','atp78'),
(566,'НВ77078',666666,0,'Volgabus 5270.02','2016-05-11','2018-06-22','0000-00-00','0000-00-00','M1-18-47-145','','atp78'),
(567,'ОУ88178',666666,0,'Volgabus 5270.02','2016-04-09','2018-06-22','0000-00-00','0000-00-00','M1-18-47-145','','atp78'),
(568,'ОУ88278',666666,0,'Volgabus 5270.02','2016-04-16','2018-06-22','0000-00-00','0000-00-00','M1-18-47-145','','atp78'),
(569,'УА17378',666666,0,'Volgabus 5270.02','2016-01-17','2018-06-22','0000-00-00','0000-00-00','M1-18-47-145','','atp78'),
(570,'УА17578',666666,0,'Volgabus 5270.02','2016-02-22','2018-06-22','0000-00-00','0000-00-00','M1-18-47-145','','atp78'),
(571,'НВ77578',666666,0,'Volgabus 5270.02','2016-01-25','2018-06-22','0000-00-00','0000-00-00','M1-18-47-145','','atp78'),
(572,'НВ77678',666666,0,'Volgabus 5270.02','2016-11-05','2018-06-22','0000-00-00','0000-00-00','M1-18-47-145','','atp78'),
(573,'НВ77778',666666,0,'Volgabus 5270.02','2016-08-16','2018-06-22','0000-00-00','0000-00-00','M1-18-47-145','','atp78'),
(574,'НВ77978',666666,0,'Volgabus 5270.02','2016-02-04','2018-06-22','0000-00-00','0000-00-00','M1-18-47-145','','atp78'),
(575,'СО10478',666666,0,'Volgabus 5270.02','2016-05-18','2018-06-22','0000-00-00','0000-00-00','M1-18-47-145','','atp78'),
(576,'ОУ87978',666666,0,'Volgabus 5270.02','2016-01-02','2018-06-22','0000-00-00','0000-00-00','M1-18-47-145','','atp78'),
(577,'ОУ87778',666666,0,'Volgabus 5270.02','2016-03-11','2018-06-22','0000-00-00','0000-00-00','M1-18-47-145','','atp78'),
(578,'ВО07478',666666,0,'Volgabus 5270.02','2016-09-01','2018-06-22','0000-00-00','0000-00-00','M1-18-47-145','','atp78'),
(579,'ОУ87578',666666,0,'Volgabus 5270.02','2016-10-17','2018-06-22','0000-00-00','0000-00-00','M1-18-47-145','','atp78'),
(580,'ОУ87478',666666,0,'Volgabus 5270.02','2016-08-16','2018-06-22','0000-00-00','0000-00-00','M1-18-47-145','','atp78'),
(581,'ВО07878',666666,0,'Volgabus 5270.02','2016-02-05','2018-06-22','0000-00-00','0000-00-00','M1-18-47-145','','atp78'),
(582,'ВО07578',666666,0,'Volgabus 5270.02','2016-01-18','2018-06-22','0000-00-00','0000-00-00','M1-18-47-145','','atp78'),
(583,'ВО07278',666666,0,'Volgabus 5270.02','2016-09-16','2018-06-22','0000-00-00','0000-00-00','M1-18-47-145','','atp78'),
(584,'ВО07078',666666,0,'Volgabus 5270.02','2016-11-25','2018-06-22','0000-00-00','0000-00-00','M1-18-47-145','','atp78'),
(585,'ВО06878',666666,0,'Volgabus 5270.02','2016-10-27','2018-06-22','0000-00-00','0000-00-00','M1-18-47-145','','atp78'),
(586,'УА18178',666666,0,'Scania Touring HD (Higer A80T)','2017-07-09','2018-06-22','0000-00-00','0000-00-00','400-564-632','','atp78'),
(587,'АМ48778',666666,0,'Scania Touring HD (Higer A80T)','2017-12-22','2018-06-22','0000-00-00','0000-00-00','400-564-632','','atp78'),
(588,'УА18278',666666,0,'Scania Touring HD (Higer A80T)','2017-05-02','2018-06-22','0000-00-00','0000-00-00','400-564-632','','atp78'),
(589,'АМ48278',666666,0,'Scania Touring HD (Higer A80T)','2017-03-14','2018-06-22','0000-00-00','0000-00-00','400-564-632','','atp78'),
(590,'УА17778',666666,0,'Scania Touring HD (Higer A80T)','2017-10-28','2018-06-22','0000-00-00','0000-00-00','400-564-632','','atp78'),
(591,'АМ47778',666666,0,'Scania Touring HD (Higer A80T)','2017-08-13','2018-06-22','0000-00-00','0000-00-00','400-564-632','','atp78'),
(592,'АМ48378',666666,0,'Scania Touring HD (Higer A80T)','2017-03-15','2018-06-22','0000-00-00','0000-00-00','400-564-632','','atp78'),
(593,'АМ47978',666666,0,'Scania Touring HD (Higer A80T)','2017-11-25','2018-06-22','0000-00-00','0000-00-00','400-564-632','','atp78'),
(594,'УА17978',666666,0,'Scania Touring HD (Higer A80T)','2017-01-17','2018-06-22','0000-00-00','0000-00-00','400-564-632','','atp78'),
(595,'АМ48578',666666,0,'Scania Touring HD (Higer A80T)','2017-03-21','2018-06-22','0000-00-00','0000-00-00','400-564-632','','atp78'),
(596,'АМ48078',666666,0,'Scania Touring HD (Higer A80T)','2017-05-02','2018-06-22','0000-00-00','0000-00-00','400-564-632','','atp78'),
(597,'УА17878',666666,0,'Scania Touring HD (Higer A80T)','2017-08-24','2018-06-22','0000-00-00','0000-00-00','400-564-632','','atp78'),
(617,'б/н',NULL,4,'ГС-4 (КРТТЗ)','1965-04-12','0000-00-00','0000-00-00','2019-09-11','','','depo_volchansk'),
(618,'(2)',NULL,0,'71-931М «Витязь-М»','2015-12-01','2018-06-22','0000-00-00','0000-00-00','Маршрут: 100','','depo_nevskiy'),
(619,'(3)',NULL,0,'71-931М «Витязь-М»','2015-12-05','2018-06-22','0000-00-00','0000-00-00','Маршрут: 100','','depo_nevskiy'),
(620,'(4)',NULL,0,'71-931М «Витязь-М»','2015-12-07','2018-06-22','0000-00-00','0000-00-00','Маршрут: 100','','depo_nevskiy'),
(621,'(5)',NULL,0,'71-931М «Витязь-М»','2015-12-10','2018-06-22','0000-00-00','0000-00-00','Маршрут: 100','','depo_nevskiy'),
(623,'(6)',NULL,0,'71-931М «Витязь-М»','2016-01-10','2018-06-22','0000-00-00','0000-00-00','Маршрут: 52','','depo_nevskiy'),
(624,'(7)',NULL,0,'71-931М «Витязь-М»','2016-01-10','2018-06-22','0000-00-00','0000-00-00','Маршрут: 52','','depo_nevskiy'),
(625,'(8)',NULL,0,'71-931М «Витязь-М»','2016-01-10','2018-06-22','0000-00-00','0000-00-00','Маршрут: 52','','depo_nevskiy'),
(626,'(9)',NULL,0,'71-931М «Витязь-М»','2016-01-10','2018-06-22','0000-00-00','0000-00-00','Маршрут: 52','','depo_nevskiy'),
(627,'(10)',NULL,0,'71-931М «Витязь-М»','2016-01-10','2018-06-22','0000-00-00','0000-00-00','Маршрут: 52','','depo_nevskiy'),
(628,'(2001)',NULL,0,'ЛМ-68М','1988-04-05','2018-06-22','0000-00-00','0000-00-00','Маршрут: 64','','depo_nevskiy'),
(629,'(2002)',NULL,0,'ЛМ-68М','1988-04-05','2018-06-22','0000-00-00','0000-00-00','Маршрут: 64','','depo_nevskiy'),
(630,'(2003)',NULL,0,'ЛМ-68М','1988-04-05','2018-06-22','0000-00-00','0000-00-00','Маршрут: 64','','depo_nevskiy'),
(631,'(2004)',NULL,0,'ЛМ-68М','1988-04-05','2018-06-22','0000-00-00','0000-00-00','Маршрут: 64 СМЕ (2004+2005)','','depo_nevskiy'),
(632,'(2005)',NULL,0,'ЛМ-68М','1988-04-05','2018-06-22','0000-00-00','0000-00-00','Маршрут: 64 СМЕ (2004+2005)','','depo_nevskiy'),
(633,'(2006)',NULL,0,'ЛМ-68М','1988-04-05','2018-06-22','0000-00-00','0000-00-00','Маршрут: 43 СМЕ (2006+2007)','','depo_nevskiy'),
(634,'(2007)',NULL,0,'ЛМ-68М','1988-04-05','2018-06-22','0000-00-00','0000-00-00','Маршрут: 43 СМЕ (2006+2007)','','depo_nevskiy'),
(635,'(2008)',NULL,0,'ЛМ-68М','1988-04-05','2018-06-22','0000-00-00','0000-00-00','Маршрут: 43 СМЕ (2008+2009)','','depo_nevskiy'),
(636,'(2009)',NULL,0,'ЛМ-68М','1988-04-05','2018-06-22','0000-00-00','0000-00-00','Маршрут: 43 СМЕ (2008+2009)','','depo_nevskiy'),
(637,'(2010)',NULL,0,'ЛМ-68М','1988-04-05','2018-06-22','0000-00-00','0000-00-00','Маршрут: 43','','depo_nevskiy'),
(638,'(2011)',NULL,0,'ЛМ-68М','1988-04-05','2018-06-22','0000-00-00','0000-00-00','Маршрут: 43 СМЕ (2011+2012)','','depo_nevskiy'),
(639,'(2012)',NULL,0,'ЛМ-68М','1988-04-05','2018-06-22','0000-00-00','0000-00-00','Маршрут: 43 СМЕ (2011+2012)','','depo_nevskiy'),
(640,'(2013)',NULL,0,'ЛМ-68М','1988-04-05','2018-06-22','0000-00-00','0000-00-00','Маршрут: 43','','depo_nevskiy'),
(641,'84',NULL,0,'Tatra T3SU','1987-02-23','2018-06-22','0000-00-00','0000-00-00','Служебный. Поливомоечный','','depo_nevskiy'),
(642,'95',NULL,0,'Tatra T3SU','1987-02-23','2018-06-22','0000-00-00','0000-00-00','Служебный. Поливомоечный','','depo_nevskiy'),
(643,'67',NULL,0,'Tatra T3SU','1987-02-23','2018-06-22','0000-00-00','0000-00-00','Служебный. Поливомоечный','','depo_nevskiy'),
(644,'01',NULL,0,'ЭПС','2003-05-12','2017-06-17','0000-00-00','0000-00-00','Внешнее кольцо','','monorail'),
(645,'02',NULL,0,'ЭПС','2003-06-08','2017-06-17','0000-00-00','0000-00-00','Внутреннее кольцо','','monorail'),
(646,'КХ59777',0,0,'КАМАЗ-6282','2019-03-10','2020-03-29','0000-00-00','0000-00-00','Т4-Т5-Т6','','electrobus_mirniy'),
(647,'КХ59977',0,0,'КАМАЗ-6282','2019-01-13','2020-03-29','0000-00-00','0000-00-00','Т4-Т5-Т6','','electrobus_mirniy'),
(648,'КХ60177',0,0,'КАМАЗ-6282','2019-08-23','2020-03-29','0000-00-00','0000-00-00','Т4-Т5-Т6','','electrobus_mirniy'),
(649,'КХ60277',0,0,'КАМАЗ-6282','2019-07-12','2020-03-29','0000-00-00','0000-00-00','Т4-Т5-Т6','','electrobus_mirniy'),
(650,'УТ19977',0,0,'КАМАЗ-6282','2019-01-01','2020-03-29','0000-00-00','0000-00-00','Т4-Т5-Т6','','electrobus_mirniy'),
(651,'УТ20177',0,0,'КАМАЗ-6282','2019-05-21','2020-03-29','0000-00-00','0000-00-00','Т4-Т5-Т6','','electrobus_mirniy'),
(652,'УТ20377',0,0,'КАМАЗ-6282','2019-01-08','2020-03-29','0000-00-00','0000-00-00','Т4-Т5-Т6','','electrobus_mirniy'),
(653,'ХУ40177',0,0,'КАМАЗ-6282','2019-02-01','2020-03-29','0000-00-00','0000-00-00','Т4-Т5-Т6','','electrobus_mirniy'),
(654,'ХУ40277',0,0,'КАМАЗ-6282','2019-03-24','2020-03-29','0000-00-00','0000-00-00','Т4-Т5-Т6','','electrobus_mirniy'),
(655,'ХУ40377',0,0,'КАМАЗ-6282','2019-03-26','2020-03-29','0000-00-00','0000-00-00','Т4-Т5-Т6','','electrobus_mirniy'),
(656,'ХУ40477',0,0,'КАМАЗ-6282','2019-11-08','2020-03-29','0000-00-00','0000-00-00','Т4-Т5-Т6','','electrobus_mirniy'),
(657,'ХУ40577',0,0,'КАМАЗ-6282','2019-11-12','2020-03-29','0000-00-00','0000-00-00','Т4-Т5-Т6','','electrobus_mirniy'),
(658,'ХУ40677',0,0,'КАМАЗ-6282','2019-02-24','2020-03-29','0000-00-00','0000-00-00','Т4-Т5-Т6','','electrobus_mirniy'),
(659,'ХУ40777',0,0,'КАМАЗ-6282','2019-02-23','2020-03-29','0000-00-00','0000-00-00','Т4-Т5-Т6','','electrobus_mirniy'),
(660,'ХУ50977',0,0,'КАМАЗ-6282','2019-10-11','2020-03-29','0000-00-00','0000-00-00','Т4-Т5-Т6','','electrobus_mirniy'),
(661,'АМ99177',0,0,'ЛиАЗ-5292.30','2013-09-03','2017-06-17','0000-00-00','0000-00-00','71-79-82-90','','atp77'),
(662,'АМ99377',0,0,'ЛиАЗ-5292.30','2013-07-15','2017-06-17','0000-00-00','0000-00-00','71-79-82-90','','atp77'),
(663,'АМ99477',0,0,'ЛиАЗ-5292.30','2013-03-20','2017-06-17','0000-00-00','0000-00-00','71-79-82-90','','atp77'),
(664,'АМ99677',0,0,'ЛиАЗ-5292.30','2013-09-26','2017-06-17','0000-00-00','0000-00-00','71-79-82-90','','atp77'),
(665,'АМ99777',0,0,'ЛиАЗ-5292.30','2013-01-11','2017-06-17','0000-00-00','0000-00-00','71-79-82-90','','atp77'),
(666,'ЕА68877',0,0,'ЛиАЗ-5292.30','2013-08-24','2017-06-17','0000-00-00','0000-00-00','71-79-82-90','','atp77'),
(667,'ЕА68977',0,0,'ЛиАЗ-5292.30','2013-08-04','2017-06-17','0000-00-00','0000-00-00','71-79-82-90','','atp77'),
(668,'ЕА69177',0,0,'ЛиАЗ-5292.30','2013-12-07','2017-06-17','0000-00-00','0000-00-00','71-79-82-90','','atp77'),
(669,'ЕА69277',0,0,'ЛиАЗ-5292.30','2013-07-17','2017-06-17','0000-00-00','0000-00-00','71-79-82-90','','atp77'),
(670,'ЕА69377',0,0,'ЛиАЗ-5292.30','2013-12-01','2017-06-17','0000-00-00','0000-00-00','71-79-82-90','','atp77'),
(671,'АС28477',0,0,'Autosan H10-11.11B','1995-04-10','2017-01-01','0000-00-00','0000-00-00','71-79-82-90','','atp77'),
(672,'МС28477',0,0,'Autosan H10-11.11B','1995-01-10','2017-01-01','0000-00-00','0000-00-00','71-79-82-90','','atp77'),
(673,'МС28677',0,0,'Autosan H10-11.11B','1995-08-14','2017-01-01','0000-00-00','0000-00-00','71-79-82-90','','atp77'),
(674,'МС28777',0,0,'Autosan H10-11.11B','1995-04-20','2017-01-01','0000-00-00','0000-00-00','71-79-82-90','','atp77'),
(675,'МС28877',0,0,'Autosan H10-11.11B','1995-03-18','2017-01-01','0000-00-00','0000-00-00','71-79-82-90','','atp77'),
(676,'МС28977',0,0,'Autosan H10-11.11B','1995-05-21','2017-01-01','0000-00-00','0000-00-00','71-79-82-90','','atp77'),
(677,'МС29177',0,0,'Autosan H10-11.11B','1995-08-04','2017-01-01','0000-00-00','0000-00-00','71-79-82-90','','atp77'),
(678,'СО08177',0,0,'Autosan H10-11.11B','1995-04-19','2017-01-01','0000-00-00','0000-00-00','71-79-82-90','','atp77'),
(679,'СО08277',0,0,'Autosan H10-11.11B','1995-05-22','2017-01-01','0000-00-00','0000-00-00','71-79-82-90','','atp77'),
(680,'СО08477',0,0,'Autosan H10-11.11B','1995-03-25','2017-01-01','0000-00-00','0000-00-00','71-79-82-90','','atp77'),
(681,'КХ59377',0,0,'Volgabus 5270.02','2016-04-09','2018-06-22','0000-00-00','0000-00-00','71-79-82-90','','atp77'),
(682,'КХ59477',0,0,'Volgabus 5270.02','2016-11-07','2018-06-22','0000-00-00','0000-00-00','71-79-82-90','','atp77'),
(683,'КХ59577',0,0,'Volgabus 5270.02','2016-08-16','2018-06-22','0000-00-00','0000-00-00','71-79-82-90','','atp77'),
(684,'МК80477',0,0,'Volgabus 5270.02','2016-04-25','2018-06-22','0000-00-00','0000-00-00','71-79-82-90','','atp77'),
(685,'МК80277',0,0,'Volgabus 5270.02','2016-05-28','2018-06-22','0000-00-00','0000-00-00','71-79-82-90','','atp77'),
(686,'МК80177',0,0,'Volgabus 5270.02','2016-05-23','2018-06-22','0000-00-00','0000-00-00','71-79-82-90','','atp77'),
(687,'МК80077',0,0,'Volgabus 5270.02','2016-06-06','2018-06-22','0000-00-00','0000-00-00','71-79-82-90','','atp77'),
(688,'МК79977',0,0,'Volgabus 5270.02','2016-05-09','2018-06-22','0000-00-00','0000-00-00','71-79-82-90','','atp77'),
(689,'МК79777',0,0,'Volgabus 5270.02','2016-04-23','2018-06-22','0000-00-00','0000-00-00','71-79-82-90','','atp77'),
(690,'МК79577',0,0,'Volgabus 5270.02','2016-04-19','2018-06-22','0000-00-00','0000-00-00','71-79-82-90','','atp77'),
(691,'АМ00077',0,0,'Volgabus 5270.02','2016-02-16','2018-06-22','0000-00-00','0000-00-00','71-79-82-90','','atp77'),
(692,'АМ99877',0,0,'Volgabus 5270.02','2016-03-17','2018-06-22','0000-00-00','0000-00-00','71-79-82-90','','atp77'),
(693,'АМ99377',0,0,'Volgabus 5270.02','2016-11-14','2018-06-22','0000-00-00','0000-00-00','71-79-82-90','','atp77'),
(694,'ЕА68477',0,0,'Scania OmniLink CK95UB (2-2-1)','2005-08-08','2016-06-28','0000-00-00','0000-00-00','126','','atp77'),
(695,'ЕА68677',0,0,'Scania OmniLink CK95UB (2-2-1)','2005-08-19','2016-06-28','0000-00-00','0000-00-00','126','','atp77'),
(696,'ОЕ89577',0,0,'Scania OmniLink CK95UB (2-2-1)','2005-03-02','2016-06-28','0000-00-00','0000-00-00','126','','atp77'),
(697,'ОЕ89677',0,0,'Scania OmniLink CK95UB (2-2-1)','2005-06-15','2016-06-28','0000-00-00','0000-00-00','126','','atp77'),
(698,'ОЕ88677',0,0,'Scania OmniLink CK95UB (2-2-0)','2005-10-03','2016-06-28','0000-00-00','0000-00-00','126','','atp77'),
(699,'ОЕ88777',0,0,'Scania OmniLink CK95UB (2-2-0)','2005-06-26','2016-06-28','0000-00-00','0000-00-00','126','','atp77'),
(700,'ОЕ88977',0,0,'Scania OmniLink CK95UB (2-2-0)','2005-05-13','2016-06-28','0000-00-00','0000-00-00','126','','atp77'),
(701,'ОЕ89177',0,0,'Scania OmniLink CK95UB (2-2-0)','2005-12-04','2016-06-28','0000-00-00','0000-00-00','126','','atp77'),
(702,'ОЕ89377',0,0,'Scania OmniLink CK95UB (2-2-0)','2005-09-25','2016-06-28','0000-00-00','0000-00-00','126','','atp77'),
(703,'СО08577',0,0,'Scania OmniLink CK95UB (2-2-0)','2005-05-04','2016-06-28','0000-00-00','0000-00-00','126','','atp77'),
(704,'СО08777',0,0,'Scania OmniLink CK95UB (2-2-0)','2005-07-02','2016-06-28','0000-00-00','0000-00-00','126','','atp77'),
(705,'СО08977',0,0,'Scania OmniLink CK95UB (2-2-0)','2005-01-03','2016-06-28','0000-00-00','0000-00-00','126','','atp77'),
(724,'АМ99277',0,0,'ЛиАЗ-5292.30','2013-08-20','2017-06-17','0000-00-00','0000-00-00','71-79-82-90','','atp77'),
(725,'[601]',NULL,0,'Тролза-5265.08 «Мегаполис»','2013-11-15','2018-06-22','0000-00-00','0000-00-00','','','troll_nevskiy'),
(726,'[602]',NULL,0,'Тролза-5265.08 «Мегаполис»','2013-11-15','2018-06-22','0000-00-00','0000-00-00','','','troll_nevskiy'),
(727,'[603]',NULL,0,'Тролза-5265.08 «Мегаполис»','2013-11-15','2018-06-22','0000-00-00','0000-00-00','','','troll_nevskiy'),
(728,'[604]',NULL,0,'Тролза-5265.08 «Мегаполис»','2013-11-15','2018-06-22','0000-00-00','0000-00-00','','','troll_nevskiy'),
(729,'[605]',NULL,0,'Тролза-5265.08 «Мегаполис»','2013-11-15','2018-06-22','0000-00-00','0000-00-00','','','troll_nevskiy'),
(730,'[606]',NULL,0,'Тролза-5265.08 «Мегаполис»','2013-11-15','2018-06-22','0000-00-00','0000-00-00','','','troll_nevskiy'),
(731,'[607]',NULL,0,'Тролза-5265.08 «Мегаполис»','2013-11-15','2018-06-22','0000-00-00','0000-00-00','','','troll_nevskiy'),
(732,'[608]',NULL,0,'Тролза-5265.08 «Мегаполис»','2013-11-15','2018-06-22','0000-00-00','0000-00-00','','','troll_nevskiy'),
(733,'[609]',NULL,0,'Тролза-5265.08 «Мегаполис»','2013-11-15','2018-06-22','0000-00-00','0000-00-00','','','troll_nevskiy'),
(734,'[610]',NULL,0,'Тролза-5265.08 «Мегаполис»','2013-11-15','2018-06-22','0000-00-00','0000-00-00','','','troll_nevskiy'),
(735,'[611]',NULL,0,'Тролза-5265.08 «Мегаполис»','2013-11-15','2018-06-22','0000-00-00','0000-00-00','','','troll_nevskiy'),
(736,'[612]',NULL,0,'Тролза-5265.08 «Мегаполис»','2013-11-15','2018-06-22','0000-00-00','0000-00-00','','','troll_nevskiy'),
(737,'[613]',NULL,0,'Тролза-5265.08 «Мегаполис»','2013-11-15','2018-06-22','0000-00-00','0000-00-00','','','troll_nevskiy'),
(738,'[614]',NULL,0,'Тролза-5265.08 «Мегаполис»','2013-11-15','2018-06-22','0000-00-00','0000-00-00','','','troll_nevskiy'),
(739,'[615]',NULL,0,'Тролза-5265.08 «Мегаполис»','2013-11-15','2018-06-22','0000-00-00','0000-00-00','','','troll_nevskiy'),
(740,'[616]',NULL,0,'Тролза-5265.08 «Мегаполис»','2013-11-15','2018-06-22','0000-00-00','0000-00-00','','','troll_nevskiy'),
(741,'[617]',NULL,0,'Тролза-5265.08 «Мегаполис»','2013-11-15','2018-06-22','0000-00-00','0000-00-00','','','troll_nevskiy'),
(742,'[618]',NULL,0,'Тролза-5265.08 «Мегаполис»','2013-11-15','2018-06-22','0000-00-00','0000-00-00','','','troll_nevskiy'),
(743,'(2020)',NULL,0,'ЛМ-68М','1985-05-17','2018-06-22','0000-00-00','0000-00-00','Служебный. Учебный','','depo_nevskiy'),
(1528,'013',NULL,0,'71-608М','1988-10-15','2017-06-17','0000-00-00','0000-00-00','Маршрут: 3. 09.2019 установлен ЭМУ','','depo_mirniy'),
(1532,'[100]',NULL,0,'71-911ЕМ «Львёнок»','2019-09-18','2019-09-18','0000-00-00','0000-00-00','Маршрут: 3','','depo_mirniy'),
(1533,'[10]',NULL,0,'71-619КТ','2004-03-05','2019-12-14','0000-00-00','0000-00-00','Маршрут: 3','','depo_mirniy'),
(1534,'[11]',NULL,0,'71-619КТ','2004-03-11','2019-12-14','0000-00-00','0000-00-00','Маршрут: 3','','depo_mirniy'),
(1535,'[12]',NULL,0,'71-619КТ','2004-04-11','2019-12-14','0000-00-00','0000-00-00','Маршрут: 5','','depo_mirniy'),
(1536,'[13]',NULL,0,'71-619КТ','2004-04-20','2019-12-14','0000-00-00','0000-00-00','Маршрут: 5','','depo_mirniy'),
(1537,'[101]',NULL,0,'71-911ЕМ «Львёнок»','2019-09-18','2019-09-18','0000-00-00','0000-00-00','Маршрут: 5','','depo_mirniy'),
(1538,'018',NULL,0,'71-608М','1988-11-18','2017-06-17','0000-00-00','0000-00-00','Маршрут: 5 СМЕ 018 + 019 09.2019 установлен ЭМУ','','depo_mirniy'),
(1539,'019',NULL,0,'71-608М','1988-11-18','2017-06-17','0000-00-00','0000-00-00','Маршрут: 5 СМЕ 018 + 019 09.2019 установлен ЭМУ','','depo_mirniy'),
(1540,'[14]',NULL,0,'71-619КТ','2004-04-01','2019-12-14','0000-00-00','0000-00-00','Маршрут: 8 СМЕ [14] + [15]','','depo_mirniy'),
(1541,'[15]',NULL,0,'71-619КТ','2004-04-01','2019-12-14','0000-00-00','0000-00-00','Маршрут: 8 СМЕ [14] + [15]','','depo_mirniy'),
(1542,'[102]',NULL,0,'71-911ЕМ «Львёнок»','2019-09-18','2019-09-18','0000-00-00','0000-00-00','Маршрут: 8','','depo_mirniy'),
(1543,'009',NULL,0,'71-608М','1988-11-01','2017-06-17','0000-00-00','0000-00-00','Маршрут: 8 СМЕ 009 + 010 09.2019 установлен ЭМУ','','depo_mirniy'),
(1544,'010',NULL,0,'71-608М','1988-11-01','2017-06-17','0000-00-00','0000-00-00','Маршрут: 8 СМЕ 009 + 010 09.2019 установлен ЭМУ','','depo_mirniy'),
(1545,'[16]',NULL,0,'71-619КТ','2004-04-01','2017-06-17','0000-00-00','0000-00-00','Маршрут: 8','','depo_mirniy'),
(1546,'[103]',NULL,0,'71-911ЕМ «Львёнок»','2019-09-18','2019-09-18','0000-00-00','0000-00-00','Маршрут: 15','','depo_mirniy'),
(1547,'[17]',NULL,0,'71-619КТ','2004-05-11','2019-12-14','0000-00-00','0000-00-00','Маршрут: 15','','depo_mirniy'),
(1548,'016',NULL,0,'71-608М','1988-11-01','2017-06-17','0000-00-00','0000-00-00','Маршрут: 15 СМЕ 016 + 017 09.2019 установлен ЭМУ','','depo_mirniy'),
(1549,'017',NULL,0,'71-608М','1988-11-01','2017-06-17','0000-00-00','0000-00-00','Маршрут: 15 СМЕ 016 + 017 09.2019 установлен ЭМУ','','depo_mirniy'),
(1550,'020',NULL,0,'71-608М','1988-11-01','2017-06-17','0000-00-00','0000-00-00','Маршрут: 15 СМЕ 020 + 021 09.2019 установлен ЭМУ','','depo_mirniy'),
(1551,'021',NULL,0,'71-608М','1988-11-01','2017-06-17','0000-00-00','0000-00-00','Маршрут: 15 СМЕ 020 + 021 09.2019 установлен ЭМУ','','depo_mirniy'),
(1552,'0000',NULL,0,'Tatra T3SU (двухдверная)','1987-02-15','2017-12-17','0000-00-00','0000-00-00','Служебный. Учебный','','depo_mirniy'),
(1553,'ПВ-1',NULL,0,'Tatra T3SU','1987-02-15','2017-09-28','0000-00-00','0000-00-00','Служебный. Поливомоечный. КВР ВРТТЗ','','depo_mirniy'),
(1554,'ПВ-2',NULL,0,'Tatra T3SU','1987-02-15','2017-09-28','0000-00-00','0000-00-00','Служебный. Поливомоечный. КВР ВРТТЗ','','depo_mirniy'),
(1555,'ПВ-3',NULL,0,'Tatra T3SU','1987-02-15','2017-09-28','0000-00-00','0000-00-00','Служебный. Поливомоечный. КВР ВРТТЗ','','depo_mirniy'),
(1556,'[300]',NULL,1,'ГС-4 (КРТТЗ)','1987-12-12','2017-09-28','0000-00-00','0000-00-00','Служебный. Cнегоочиститель','','depo_mirniy'),
(1557,'[301]',NULL,1,'ГС-4 (КРТТЗ)','1987-12-12','2017-09-28','0000-00-00','0000-00-00','Служебный. Cнегоочиститель','','depo_mirniy'),
(1558,'[302]',NULL,1,'ГС-4 (КРТТЗ)','1987-12-12','2017-09-28','0000-00-00','0000-00-00','Служебный. Cнегоочиститель','','depo_mirniy'),
(1559,'[160143]',NULL,5,'Tatra T3SU (двухдверная)','1961-12-13','2016-06-13','2017-06-17','0000-00-00','Служебный. Вышка энергохозяйства','','depo_mirniy'),
(1560,'012',NULL,4,'71-608М','1989-12-13','2017-06-17','0000-00-00','2019-12-31','Маршрут: 15','','depo_mirniy'),
(1561,'014',NULL,4,'71-608М','1989-12-13','2017-06-17','0000-00-00','2019-12-31','Маршрут: 15 СМЕ 014 + 015','','depo_mirniy'),
(1562,'015',NULL,4,'71-608М','1989-12-13','2017-06-17','0000-00-00','2019-12-31','Маршрут: 15 СМЕ 014 + 015','','depo_mirniy'),
(1563,'[100]',NULL,6,'71-911 «City Star»','2018-05-11','2018-06-23','2019-09-19','0000-00-00','','','depo_mirniy'),
(1564,'[101]',NULL,6,'71-911 «City Star»','2018-05-11','2018-06-23','2019-09-19','0000-00-00','','','depo_mirniy'),
(1565,'[102]',NULL,6,'71-911 «City Star»','2018-05-11','2018-06-23','2019-09-19','0000-00-00','','','depo_mirniy'),
(1566,'[103]',NULL,6,'71-911 «City Star»','2018-05-11','2018-06-23','2019-09-19','0000-00-00','','','depo_mirniy'),
(1567,'[10864]',NULL,8,'71-605 (КТМ-5М3)','1987-01-12','2017-06-17','2018-06-23','0000-00-00','Передан в Волчанск','','depo_mirniy'),
(1568,'[10859]',NULL,4,'71-605 (КТМ-5М3)','1987-03-12','2017-06-17','0000-00-00','2018-06-23','','','depo_mirniy'),
(1569,'[10836]',NULL,4,'71-605 (КТМ-5М3)','1987-03-12','2017-06-17','0000-00-00','2018-06-23','','','depo_mirniy'),
(1570,'[10852]',NULL,4,'71-605 (КТМ-5М3)','1987-01-12','2017-06-17','0000-00-00','2018-06-23','','','depo_mirniy'),
(1604,'НС31763',0,0,'Mercedes-Benz O345','1997-01-04','2016-06-13','0000-00-00','0000-00-00','21/30/34/38/55','АТП №1','atp63'),
(1605,'НС31863',0,0,'Mercedes-Benz O345','1997-11-09','2016-06-13','0000-00-00','0000-00-00','21/30/34/38/55','АТП №1','atp63'),
(1606,'НС30763',0,0,'Mercedes-Benz O345','1997-04-06','2016-06-13','0000-00-00','0000-00-00','21/30/34/38/55','АТП №1','atp63'),
(1607,'НС31663',0,0,'Mercedes-Benz O345','1997-08-10','2016-06-13','0000-00-00','0000-00-00','21/30/34/38/55','АТП №1','atp63'),
(1608,'НС31463',0,0,'Mercedes-Benz O345','1997-02-01','2016-06-13','0000-00-00','0000-00-00','21/30/34/38/55','АТП №1','atp63'),
(1609,'НС31263',0,0,'Mercedes-Benz O345','1997-10-05','2016-06-13','0000-00-00','0000-00-00','21/30/34/38/55','АТП №1','atp63'),
(1610,'НС31163',0,0,'Mercedes-Benz O345','1997-11-09','2016-06-13','0000-00-00','0000-00-00','21/30/34/38/55','АТП №1','atp63'),
(1611,'НС30963',0,0,'Mercedes-Benz O345','1997-02-09','2016-06-13','0000-00-00','0000-00-00','21/30/34/38/55','АТП №1','atp63'),
(1612,'УТ11963',0,0,'Mercedes-Benz O345','1997-03-16','2016-06-13','0000-00-00','0000-00-00','21/30/34/38/55','АТП №1','atp63'),
(1613,'ТН51963',0,0,'Mercedes-Benz O345','1997-04-15','2016-06-13','0000-00-00','0000-00-00','21/30/34/38/55','АТП №1','atp63'),
(1614,'ТН51863',0,0,'Mercedes-Benz O345','1997-10-22','2016-06-13','0000-00-00','0000-00-00','21/30/34/38/55','АТП №1','atp63'),
(1615,'УТ20363',0,0,'Mercedes-Benz O345','1997-04-16','2016-06-13','0000-00-00','0000-00-00','21/30/34/38/55','АТП №1','atp63'),
(1616,'УТ20563',0,0,'Mercedes-Benz O345','1997-03-24','2016-06-13','0000-00-00','0000-00-00','21/30/34/38/55','АТП №1','atp63'),
(1617,'УТ20663',0,0,'Mercedes-Benz O345','1997-10-17','2016-06-13','0000-00-00','0000-00-00','21/30/34/38/55','АТП №1','atp63'),
(1618,'УТ20163',0,0,'Mercedes-Benz O345','1997-04-24','2016-06-13','0000-00-00','0000-00-00','21/30/34/38/55','АТП №1','atp63'),
(1619,'ТН50863',0,0,'Mercedes-Benz O345','1997-01-05','2016-06-13','0000-00-00','0000-00-00','21/30/34/38/55','АТП №1','atp63'),
(1620,'ТН50963',0,0,'Mercedes-Benz O345','1997-10-19','2016-06-13','0000-00-00','0000-00-00','21/30/34/38/55','АТП №1','atp63'),
(1621,'ТН51163',0,0,'Mercedes-Benz O345','1997-11-09','2016-06-13','0000-00-00','0000-00-00','21/30/34/38/55','АТП №1','atp63'),
(1622,'ТН51363',0,0,'Mercedes-Benz O345','1997-01-11','2016-06-13','0000-00-00','0000-00-00','21/30/34/38/55','АТП №1','atp63'),
(1623,'ТН51563',0,0,'Mercedes-Benz O345','1997-03-09','2016-06-13','0000-00-00','0000-00-00','21/30/34/38/55','АТП №1','atp63'),
(1624,'ТН51763',0,0,'Mercedes-Benz O345','1997-09-02','2016-06-13','0000-00-00','0000-00-00','21/30/34/38/55','АТП №1','atp63'),
(1625,'СР10963',0,0,'Hyundai County SWB C08','2008-02-07','2019-09-19','0000-00-00','0000-00-00','21/30/34/38/55','АТП №1','atp63'),
(1626,'СР10763',0,0,'Hyundai County SWB C08','2008-03-18','2019-09-19','0000-00-00','0000-00-00','21/30/34/38/55','АТП №1','atp63'),
(1627,'СР11163',0,0,'Hyundai County SWB C08','2008-04-21','2019-09-19','0000-00-00','0000-00-00','21/30/34/38/55','АТП №1','atp63'),
(1628,'СР11263',0,0,'Hyundai County SWB C08','2008-01-11','2019-09-19','0000-00-00','0000-00-00','21/30/34/38/55','АТП №1','atp63'),
(1629,'СР11463',0,0,'Hyundai County SWB C08','2008-07-24','2019-09-19','0000-00-00','0000-00-00','21/30/34/38/55','АТП №1','atp63'),
(1630,'СР11663',0,0,'Hyundai County SWB C08','2008-02-12','2019-09-19','0000-00-00','0000-00-00','21/30/34/38/55','АТП №1','atp63'),
(1631,'СР11963',0,0,'Hyundai County SWB C08','2008-12-19','2019-09-19','0000-00-00','0000-00-00','21/30/34/38/55','АТП №1','atp63'),
(1632,'СР11763',0,0,'Hyundai County SWB C08','2008-07-18','2019-09-19','0000-00-00','0000-00-00','21/30/34/38/55','АТП №1','atp63'),
(1633,'РЕ41263',0,0,'Hyundai County SWB C08','2008-06-27','2019-09-19','0000-00-00','0000-00-00','21/30/34/38/55','АТП №1','atp63'),
(1634,'РЕ41063',0,0,'Hyundai County SWB C08','2008-12-10','2019-09-19','0000-00-00','0000-00-00','21/30/34/38/55','АТП №1','atp63'),
(1635,'РЕ41463',0,0,'Hyundai County SWB C08','2008-10-01','2019-09-19','0000-00-00','0000-00-00','21/30/34/38/55','АТП №1','atp63'),
(1636,'ЕВ21363',0,0,'ЛиАЗ-5256.53','2012-07-22','2018-06-23','0000-00-00','0000-00-00','21/30/34/38/55','АТП №2','atp63'),
(1637,'РЕ41863',0,0,'ЛиАЗ-5256.53','2012-08-08','2018-06-23','0000-00-00','0000-00-00','21/30/34/38/55','АТП №2','atp63'),
(1638,'ЕВ21263',0,0,'ЛиАЗ-5256.53','2012-12-26','2018-06-23','0000-00-00','0000-00-00','21/30/34/38/55','АТП №2','atp63'),
(1639,'РЕ41663',0,0,'ЛиАЗ-5256.53','2012-09-28','2018-06-23','0000-00-00','0000-00-00','21/30/34/38/55','АТП №2','atp63'),
(1640,'РЕ42163',0,0,'ЛиАЗ-5256.53','2012-08-23','2018-06-23','0000-00-00','0000-00-00','21/30/34/38/55','АТП №2','atp63'),
(1641,'РЕ41963',0,0,'ЛиАЗ-5256.53','2012-10-21','2018-06-23','0000-00-00','0000-00-00','21/30/34/38/55','АТП №2','atp63'),
(1642,'ЕВ21963',0,0,'ЛиАЗ-5256.53','2012-02-08','2018-06-23','0000-00-00','0000-00-00','21/30/34/38/55','АТП №2','atp63'),
(1643,'ЕВ21863',0,0,'ЛиАЗ-5256.53','2012-11-24','2018-06-23','0000-00-00','0000-00-00','21/30/34/38/55','АТП №2','atp63'),
(1644,'ЕВ22063',0,0,'ЛиАЗ-5256.53','2012-08-09','2018-06-23','0000-00-00','0000-00-00','21/30/34/38/55','АТП №2','atp63'),
(1645,'ЕВ21663',0,0,'ЛиАЗ-5256.53','2012-12-04','2018-06-23','0000-00-00','0000-00-00','21/30/34/38/55','АТП №2','atp63'),
(1646,'РЕ42063',0,0,'ЛиАЗ-5256.53','2012-10-08','2018-06-23','0000-00-00','0000-00-00','21/30/34/38/55','АТП №2','atp63'),
(1647,'ЕВ21563',0,0,'ЛиАЗ-5256.53','2012-06-01','2018-06-23','0000-00-00','0000-00-00','21/30/34/38/55','АТП №2','atp63'),
(1648,'ВН02363',0,0,'ЛиАЗ-5256.53','2012-07-15','2018-06-23','0000-00-00','0000-00-00','21/30/34/38/55','АТП №2','atp63'),
(1649,'ВНО1763',0,0,'ЛиАЗ-5256.53','2012-07-14','2018-06-23','0000-00-00','0000-00-00','21/30/34/38/55','АТП №2','atp63'),
(1650,'ВН02163',0,0,'ЛиАЗ-5256.53','2012-01-06','2018-06-23','0000-00-00','0000-00-00','21/30/34/38/55','АТП №2','atp63'),
(1651,'ВН01963',0,0,'ЛиАЗ-5256.53','2012-09-08','2018-06-23','0000-00-00','0000-00-00','21/30/34/38/55','АТП №2','atp63'),
(1652,'НС82263',0,0,'ЛиАЗ-5256.53','2012-05-05','2018-06-23','0000-00-00','0000-00-00','21/30/34/38/55','АТП №2','atp63'),
(1653,'ВН02563',0,0,'ЛиАЗ-5256.53','2012-07-03','2018-06-23','0000-00-00','0000-00-00','21/30/34/38/55','АТП №2','atp63'),
(1654,'НС82063',0,0,'ЛиАЗ-5256.53','2012-02-13','2018-06-23','0000-00-00','0000-00-00','21/30/34/38/55','АТП №2','atp63'),
(1655,'ВН02263',0,0,'ЛиАЗ-5256.53','2012-01-27','2018-06-23','0000-00-00','0000-00-00','21/30/34/38/55','АТП №2','atp63'),
(1656,'ВНО2463',0,0,'ЛиАЗ-5256.53','2012-03-27','2018-06-23','0000-00-00','0000-00-00','21/30/34/38/55','АТП №2','atp63'),
(1657,'НС82463',0,0,'Mercedes-Benz O345','1997-11-23','2018-06-23','0000-00-00','0000-00-00','21/30/34/38/55','АТП №2','atp63'),
(1658,'НС82663',0,0,'Mercedes-Benz O345','1997-12-28','2018-06-23','0000-00-00','0000-00-00','21/30/34/38/55','АТП №2','atp63'),
(1659,'НС82363',0,0,'Mercedes-Benz O345','1997-02-24','2018-06-23','0000-00-00','0000-00-00','21/30/34/38/55','АТП №2','atp63'),
(1660,'СА12463',0,0,'Hyundai County SWB C08','2008-04-06','2018-06-23','0000-00-00','0000-00-00','21/30/34/38/55','АТП №2','atp63'),
(1661,'НС82763',0,0,'Hyundai County SWB C08','2008-06-27','2018-06-23','0000-00-00','0000-00-00','21/30/34/38/55','АТП №2','atp63'),
(1662,'НС82863',0,0,'Hyundai County SWB C08','2008-02-10','2018-06-23','0000-00-00','0000-00-00','21/30/34/38/55','АТП №2','atp63'),
(1663,'НС82963',0,0,'Hyundai County SWB C08','2008-11-13','2018-06-23','0000-00-00','0000-00-00','21/30/34/38/55','АТП №2','atp63'),
(1664,'СА12863',0,0,'Hyundai County SWB C08','2008-10-08','2018-06-23','0000-00-00','0000-00-00','21/30/34/38/55','АТП №2','atp63'),
(1665,'СА12263',0,0,'Hyundai County SWB C08','2008-03-24','2018-06-23','0000-00-00','0000-00-00','21/30/34/38/55','АТП №2','atp63'),
(1666,'СА13163',0,0,'Hyundai County SWB C08','2008-03-26','2018-06-23','0000-00-00','0000-00-00','21/30/34/38/55','АТП №2','atp63'),
(1667,'СА12663',0,0,'Hyundai County SWB C08','2008-11-05','2018-06-23','0000-00-00','0000-00-00','21/30/34/38/55','АТП №2','atp63'),
(1668,'СА13263',0,0,'Hyundai County SWB C08','2008-08-04','2018-06-23','0000-00-00','0000-00-00','21/30/34/38/55','АТП №2','atp63'),
(1669,'СА12963',0,0,'Hyundai County SWB C08','2008-07-06','2018-06-23','0000-00-00','0000-00-00','21/30/34/38/55','АТП №2','atp63'),
(1670,'СР10963',0,7,'Hyundai County SWB C08','2008-02-28','2016-06-13','2019-09-19','0000-00-00','21/30/34/38/55','Таксопарк','atp63'),
(1671,'СР10763',0,7,'Hyundai County SWB C08','2008-01-07','2016-06-13','2019-09-19','0000-00-00','21/30/34/38/55','Таксопарк','atp63'),
(1672,'СР11163',0,7,'Hyundai County SWB C08','2008-02-01','2016-06-13','2019-09-19','0000-00-00','21/30/34/38/55','Таксопарк','atp63'),
(1673,'СР11263',0,7,'Hyundai County SWB C08','2008-11-02','2016-06-13','2019-09-19','0000-00-00','21/30/34/38/55','Таксопарк','atp63'),
(1674,'СР11463',0,7,'Hyundai County SWB C08','2008-12-24','2016-06-13','2019-09-19','0000-00-00','21/30/34/38/55','Таксопарк','atp63'),
(1675,'СР11663',0,7,'Hyundai County SWB C08','2008-10-18','2016-06-13','2019-09-19','0000-00-00','21/30/34/38/55','Таксопарк','atp63'),
(1676,'СР11963',0,7,'Hyundai County SWB C08','2008-04-01','2016-06-13','2019-09-19','0000-00-00','21/30/34/38/55','Таксопарк','atp63'),
(1677,'СР11763',0,7,'Hyundai County SWB C08','2008-03-22','2016-06-13','2019-09-19','0000-00-00','21/30/34/38/55','Таксопарк','atp63'),
(1678,'РЕ41263',0,7,'Hyundai County SWB C08','2008-11-07','2016-06-13','2019-09-19','0000-00-00','21/30/34/38/55','Таксопарк','atp63'),
(1679,'РЕ41063',0,7,'Hyundai County SWB C08','2008-08-20','2016-06-13','2019-09-19','0000-00-00','21/30/34/38/55','Таксопарк','atp63'),
(1680,'ЕВ21363',0,7,'ЛиАЗ-5256.53','2012-10-28','2016-06-13','2018-06-23','0000-00-00','21/30/34/38/55','АТП №1','atp63'),
(1681,'РЕ41863',0,7,'ЛиАЗ-5256.53','2012-04-18','2016-06-13','2018-06-23','0000-00-00','21/30/34/38/55','АТП №1','atp63'),
(1682,'ЕВ21263',0,7,'ЛиАЗ-5256.53','2012-05-22','2016-06-13','2018-06-23','0000-00-00','21/30/34/38/55','АТП №1','atp63'),
(1683,'РЕ41663',0,7,'ЛиАЗ-5256.53','2012-02-03','2016-06-13','2018-06-23','0000-00-00','21/30/34/38/55','АТП №1','atp63'),
(1684,'РЕ42163',0,7,'ЛиАЗ-5256.53','2012-02-09','2016-06-13','2018-06-23','0000-00-00','21/30/34/38/55','АТП №1','atp63'),
(1733,'Марий-Эл',NULL,0,'Москва Р-51','1972-10-04','2019-09-19','0000-00-00','0000-00-00','Речной вокзал Приволжска - Аэропорт \"Угрюмоч\"','','fleet_priva'),
(1734,'Москва-24',NULL,0,'Москва Р-51','1974-10-30','2018-07-21','0000-00-00','0000-00-00','Причал \"Сити\" - причал у Северного моста','','fleet_mirniy'),
(1735,'Юность',NULL,0,'Москва Р-51','1972-11-16','2018-07-21','0000-00-00','0000-00-00','Речной вокзал Невского - опора Красногвардейского моста','','fleet_nevskiy'),
(1736,'Москва-10',NULL,0,'Москва Р-51','1972-03-02','2018-07-21','0000-00-00','0000-00-00','Причал у СТТП - Аэропорт \"Угрюмоч\"','','fleet_nevskiy'),
(1737,'Аврора',NULL,0,'проект 588 (ГДР)','1961-08-11','2018-07-21','0000-00-00','0000-00-00','Речной вокзал Невского - Речной вокзал Мирного','','fleet_nevskiy'),
(1738,'Прикамье',NULL,0,'проект 588 (ГДР)','1957-12-01','2018-07-21','0000-00-00','0000-00-00','Речной вокзал Мирного - Речной вокзал Невского','','fleet_mirniy'),
(1739,'Урал',NULL,0,'проект 588 (ГДР)','1958-06-10','2019-09-19','0000-00-00','0000-00-00','Речной вокзал Приволжска - Речной вокзал Невского','','fleet_priva'),
(1740,'Аврора-М',NULL,0,'«Аврора М» (РК-52)','2005-05-15','2018-06-23','0000-00-00','0000-00-00','Водная школа. Прогулочный экскурсионный маршрут','','fleet_nevskiy'),
(1741,'Борей',NULL,0,'проект Мудьюг (Финляндия)','1970-03-31','2018-06-23','0000-00-00','0000-00-00','','','fleet_nevskiy'),
(1742,'Борей',NULL,0,'проект Мудьюг (Финляндия)','1970-03-31','2018-06-23','0000-00-00','0000-00-00','','','fleet_mirniy'),
(1743,'Борей',NULL,0,'проект Мудьюг (Финляндия)','1970-03-31','2019-09-19','0000-00-00','0000-00-00','','','fleet_priva'),
(1744,'Провинция',NULL,0,'Контейнеровоз','1970-03-31','2019-09-19','0000-00-00','0000-00-00','','','fleet_out'),
(1745,'б/н 1',NULL,1,'Pacific Electric','1910-01-01','0000-00-00','0000-00-00','0000-00-00','Памятник. Копия вагона из L.A. Noire','','depo_mirniy_muzey'),
(1746,'б/н 2',NULL,1,'Pacific Electric','1920-01-01','0000-00-00','0000-00-00','0000-00-00','Памятник. Копия вагона из L.A. Noire','','depo_mirniy_muzey'),
(1747,'б/н 3',NULL,1,'Pacific Electric','1930-01-01','0000-00-00','0000-00-00','0000-00-00','Памятник. Копия вагона из L.A. Noire','','depo_mirniy_muzey'),
(1748,'б/н 4',NULL,5,'Pacific Electric','1940-01-01','0000-00-00','0000-00-00','0000-00-00','Экскурсионный. Для мероприятий','','depo_mirniy_muzey'),
(1749,'10',NULL,4,'Tatra T3SU','1981-08-19','2014-12-02','0000-00-00','2017-06-17','СМЕ 10+11','','depo_mirniy_old'),
(1750,'9',NULL,4,'Tatra T3SU','1981-08-19','2014-12-02','0000-00-00','2017-06-17','СМЕ 10+11','','depo_mirniy_old'),
(1751,'[10836]',NULL,7,'71-605 (КТМ-5М3)','1987-03-01','2016-06-13','0000-00-00','2017-06-17','Передан в левобережное депо','','depo_mirniy_old'),
(1752,'[10852]',NULL,7,'71-605 (КТМ-5М3)','1987-01-01','2016-06-13','0000-00-00','2017-06-17','Передан в левобережное депо','','depo_mirniy_old'),
(1753,'01',0,9,'ЗиУ-682Г','1995-07-08','2017-10-01','0000-00-00','0000-00-00','','','troll02_priv'),
(1754,'02',0,9,'ЗиУ-682Г','1995-12-19','2017-10-01','0000-00-00','0000-00-00','','','troll02_priv'),
(1755,'03',0,0,'ЗиУ-682Г','1995-07-23','2017-10-01','0000-00-00','0000-00-00','','','troll02_priv'),
(1756,'04',0,9,'ЗиУ-682Г','1995-03-02','2017-10-01','0000-00-00','0000-00-00','','','troll02_priv'),
(1757,'05',0,9,'ЗиУ-682Г','1995-03-03','2017-10-01','0000-00-00','0000-00-00','','','troll02_priv'),
(1758,'06',0,9,'ЗиУ-682Г','1995-01-18','2017-10-01','0000-00-00','0000-00-00','','','troll02_priv'),
(1759,'07',0,0,'ЗиУ-682Г','1995-04-20','2017-10-01','0000-00-00','0000-00-00','','','troll02_priv'),
(1760,'08',0,9,'ЗиУ-682Г','1995-05-04','2017-10-01','0000-00-00','0000-00-00','','','troll02_priv'),
(1761,'09',0,9,'ЗиУ-682Г','1995-03-12','2017-10-01','0000-00-00','0000-00-00','','','troll02_priv'),
(1762,'10',0,9,'ЗиУ-682Г','1995-02-24','2017-10-01','0000-00-00','0000-00-00','','','troll02_priv'),
(1763,'11',0,9,'ЗиУ-682Г','1995-08-04','2017-10-01','0000-00-00','0000-00-00','','','troll02_priv'),
(1764,'12',0,9,'ЗиУ-682Г','1995-10-06','2017-10-01','0000-00-00','0000-00-00','','','troll02_priv'),
(1765,'13',0,9,'ЗиУ-682Г','1995-01-22','2017-10-01','0000-00-00','0000-00-00','','','troll02_priv'),
(1766,'14',0,0,'ЗиУ-682Г','1995-09-03','2017-10-01','0000-00-00','0000-00-00','','','troll02_priv'),
(1767,'15',0,9,'ЗиУ-682Г','1995-06-05','2017-10-01','0000-00-00','0000-00-00','','','troll02_priv'),
(1768,'16',0,9,'ЗиУ-682Г','1995-05-13','2017-10-01','0000-00-00','0000-00-00','','','troll02_priv'),
(1769,'17',0,9,'ЗиУ-682Г','1995-09-06','2017-10-01','0000-00-00','0000-00-00','','','troll02_priv'),
(1770,'18',0,9,'ЗиУ-682Г','1995-05-08','2017-10-01','0000-00-00','0000-00-00','','','troll02_priv'),
(1771,'19',0,9,'ЗиУ-682Г','1995-06-02','2017-10-01','0000-00-00','0000-00-00','','','troll02_priv'),
(1772,'20',0,9,'ЗиУ-682Г','1995-04-07','2017-10-01','0000-00-00','0000-00-00','','','troll02_priv'),
(1773,'21',0,9,'ЗиУ-682Г','1995-12-08','2017-10-01','0000-00-00','0000-00-00','','','troll02_priv'),
(1774,'22',0,0,'ЗиУ-682Г','1995-09-17','2017-10-01','0000-00-00','0000-00-00','','','troll02_priv'),
(1775,'23',0,9,'ЗиУ-682Г','1995-01-14','2017-10-01','0000-00-00','0000-00-00','','','troll02_priv'),
(1776,'24',0,0,'ЗиУ-682Г','1995-02-08','2017-10-01','0000-00-00','0000-00-00','','','troll02_priv'),
(1777,'25',0,0,'ЗиУ-682Г','1995-04-25','2017-10-01','0000-00-00','0000-00-00','','','troll02_priv'),
(1778,'26',0,9,'ЗиУ-682Г','1995-05-07','2017-10-01','0000-00-00','0000-00-00','','','troll02_priv'),
(1779,'27',0,9,'ЗиУ-682Г','1995-11-04','2017-10-01','0000-00-00','0000-00-00','','','troll02_priv'),
(1780,'28',0,9,'ЗиУ-682Г','1995-03-23','2017-10-01','0000-00-00','0000-00-00','','','troll02_priv'),
(1781,'29',0,9,'ЗиУ-682Г','1995-09-13','2017-10-01','0000-00-00','0000-00-00','','','troll02_priv'),
(1782,'30',0,9,'ЗиУ-682Г','1995-11-06','2017-10-01','0000-00-00','0000-00-00','','','troll02_priv'),
(1783,'31',0,9,'ЗиУ-682Г','1995-10-16','2017-10-01','0000-00-00','0000-00-00','','','troll02_priv'),
(1784,'32',0,9,'ЗиУ-682Г','1995-05-25','2017-10-01','0000-00-00','0000-00-00','','','troll02_priv'),
(1785,'33',0,9,'ЗиУ-682Г','1995-10-02','2017-10-01','0000-00-00','0000-00-00','','','troll02_priv'),
(1786,'34',0,9,'ЗиУ-682Г','1995-10-27','2017-10-01','0000-00-00','0000-00-00','','','troll02_priv'),
(1787,'35',0,9,'ЗиУ-682Г','1995-11-08','2017-10-01','0000-00-00','0000-00-00','','','troll02_priv'),
(1788,'36',0,9,'ЗиУ-682Г','1995-08-24','2017-10-01','0000-00-00','0000-00-00','','','troll02_priv'),
(1789,'37',0,9,'ЗиУ-682Г','1995-06-16','2017-10-01','0000-00-00','0000-00-00','','','troll02_priv'),
(1790,'38',0,9,'ЗиУ-682Г','1995-03-04','2017-10-01','0000-00-00','0000-00-00','','','troll02_priv'),
(1791,'39',0,0,'ЗиУ-682Г','1995-08-17','2017-10-01','0000-00-00','0000-00-00','','','troll02_priv'),
(1792,'40',0,9,'ЗиУ-682Г','1995-09-17','2017-10-01','0000-00-00','0000-00-00','','','troll02_priv'),
(1793,'41',0,9,'ЗиУ-682Г','1995-11-28','2017-10-01','0000-00-00','0000-00-00','','','troll02_priv'),
(1794,'42',0,9,'ЗиУ-682Г','1995-12-14','2017-10-01','0000-00-00','0000-00-00','','','troll02_priv'),
(1795,'43',0,9,'ЗиУ-682Г','1995-10-07','2017-10-01','0000-00-00','0000-00-00','','','troll02_priv'),
(1796,'44',0,9,'ЗиУ-682Г','1995-03-03','2017-10-01','0000-00-00','0000-00-00','','','troll02_priv'),
(1797,'45',0,9,'ЗиУ-682Г','1995-08-01','2017-10-01','0000-00-00','0000-00-00','','','troll02_priv'),
(1798,'46',0,9,'ЗиУ-682Г','1995-06-08','2017-10-01','0000-00-00','0000-00-00','','','troll02_priv'),
(1799,'47',0,9,'ЗиУ-682Г','1995-03-08','2017-10-01','0000-00-00','0000-00-00','','','troll02_priv'),
(1800,'48',0,9,'ЗиУ-682Г','1995-10-21','2017-10-01','0000-00-00','0000-00-00','','','troll02_priv'),
(1801,'49',0,9,'ЗиУ-682Г','1995-11-21','2017-10-01','0000-00-00','0000-00-00','','','troll02_priv'),
(1802,'50',0,9,'ЗиУ-682Г','1995-09-24','2017-10-01','0000-00-00','0000-00-00','','','troll02_priv'),
(1803,'51',0,9,'ЗиУ-682Г','1995-10-24','2017-10-01','0000-00-00','0000-00-00','','','troll02_priv'),
(1804,'52',0,9,'ЗиУ-682Г','1995-03-26','2017-10-01','0000-00-00','0000-00-00','','','troll02_priv'),
(1805,'53',0,9,'ЗиУ-682Г','1995-02-22','2017-10-01','0000-00-00','0000-00-00','','','troll02_priv'),
(1806,'54',0,9,'ЗиУ-682Г','1995-07-10','2017-10-01','0000-00-00','0000-00-00','','','troll02_priv'),
(1807,'55',0,9,'ЗиУ-682Г','1995-09-15','2017-10-01','0000-00-00','0000-00-00','','','troll02_priv'),
(1808,'56',0,9,'ЗиУ-682Г','1995-10-07','2017-10-01','0000-00-00','0000-00-00','','','troll02_priv'),
(1809,'57',0,9,'ЗиУ-682Г','1995-07-10','2017-10-01','0000-00-00','0000-00-00','','','troll02_priv'),
(1810,'58',0,9,'ЗиУ-682Г','1995-11-05','2017-10-01','0000-00-00','0000-00-00','','','troll02_priv'),
(1811,'59',0,9,'ЗиУ-682Г','1995-03-27','2017-10-01','0000-00-00','0000-00-00','','','troll02_priv'),
(1812,'60',0,9,'ЗиУ-682Г','1995-05-14','2017-10-01','0000-00-00','0000-00-00','','','troll02_priv'),
(1813,'61',0,9,'ЗиУ-682Г','1995-12-12','2017-10-01','0000-00-00','0000-00-00','','','troll02_priv'),
(1814,'62',0,0,'ЗиУ-682Г','1995-01-04','2017-10-01','0000-00-00','0000-00-00','','','troll02_priv'),
(1815,'63',0,9,'ЗиУ-682Г','1995-09-15','2017-10-01','0000-00-00','0000-00-00','','','troll02_priv'),
(1816,'64',0,9,'ЗиУ-682Г','1995-05-26','2017-10-01','0000-00-00','0000-00-00','','','troll02_priv'),
(1817,'65',0,9,'ЗиУ-682Г','1995-03-08','2017-10-01','0000-00-00','0000-00-00','','','troll02_priv'),
(1818,'66',0,9,'ЗиУ-682Г','1995-09-23','2017-10-01','0000-00-00','0000-00-00','','','troll02_priv'),
(1819,'67',0,9,'ЗиУ-682Г','1995-07-27','2017-10-01','0000-00-00','0000-00-00','','','troll02_priv'),
(1820,'68',0,9,'ЗиУ-682Г','1995-06-02','2017-10-01','0000-00-00','0000-00-00','','','troll02_priv'),
(1821,'69',0,9,'ЗиУ-682Г','1995-06-02','2017-10-01','0000-00-00','0000-00-00','','','troll02_priv'),
(1822,'70',0,9,'ЗиУ-682Г','1995-11-05','2017-10-01','0000-00-00','0000-00-00','','','troll02_priv'),
(1823,'71',0,9,'ЗиУ-682Г','1995-04-11','2017-10-01','0000-00-00','0000-00-00','','','troll02_priv'),
(1824,'72',0,9,'ЗиУ-682Г','1995-12-10','2017-10-01','0000-00-00','0000-00-00','','','troll02_priv'),
(1825,'73',0,9,'ЗиУ-682Г','1995-07-01','2017-10-01','0000-00-00','0000-00-00','','','troll02_priv'),
(1826,'74',0,0,'ЗиУ-682Г','1995-04-26','2017-10-01','0000-00-00','0000-00-00','','','troll02_priv'),
(1827,'75',0,0,'ЗиУ-682Г','1995-02-04','2017-10-01','0000-00-00','0000-00-00','','','troll02_priv'),
(1828,'76',0,9,'ЗиУ-682Г','1995-02-08','2017-10-01','0000-00-00','0000-00-00','','','troll02_priv'),
(1829,'77',0,9,'ЗиУ-682Г','1995-07-12','2017-10-01','0000-00-00','0000-00-00','','','troll02_priv'),
(1830,'78',0,9,'ЗиУ-682Г','1995-02-23','2017-10-01','0000-00-00','0000-00-00','','','troll02_priv'),
(1831,'79',0,0,'ЗиУ-682Г','1995-02-06','2017-10-01','0000-00-00','0000-00-00','','','troll02_priv'),
(1832,'80',0,9,'ЗиУ-682Г','1995-05-18','2017-10-01','0000-00-00','0000-00-00','','','troll02_priv'),
(1833,'81',0,9,'ЗиУ-682Г','1995-12-19','2017-10-01','0000-00-00','0000-00-00','','','troll02_priv'),
(1834,'82',0,9,'ЗиУ-682Г','1995-02-20','2017-10-01','0000-00-00','0000-00-00','','','troll02_priv'),
(1835,'83',0,9,'ЗиУ-682Г','1995-04-07','2017-10-01','0000-00-00','0000-00-00','','','troll02_priv'),
(1836,'84',0,9,'ЗиУ-682Г','1995-08-12','2017-10-01','0000-00-00','0000-00-00','','','troll02_priv'),
(1837,'85',0,0,'ЗиУ-682Г','1995-03-17','2017-10-01','0000-00-00','0000-00-00','','','troll02_priv'),
(1838,'86',0,9,'ЗиУ-682Г','1995-05-14','2017-10-01','0000-00-00','0000-00-00','','','troll02_priv'),
(1839,'87',0,0,'ЗиУ-682Г','1995-05-23','2017-10-01','0000-00-00','0000-00-00','','','troll02_priv'),
(1840,'88',0,9,'ЗиУ-682Г','1995-09-23','2017-10-01','0000-00-00','0000-00-00','','','troll02_priv'),
(1841,'89',0,0,'ЗиУ-682Г','1995-05-08','2017-10-01','0000-00-00','0000-00-00','','','troll02_priv'),
(1842,'90',0,9,'ЗиУ-682Г','1995-09-28','2017-10-01','0000-00-00','0000-00-00','','','troll02_priv'),
(1843,'91',0,9,'ЗиУ-682Г','1995-11-07','2017-10-01','0000-00-00','0000-00-00','','','troll02_priv'),
(1844,'92',0,0,'ЗиУ-682Г','1995-09-25','2017-10-01','0000-00-00','0000-00-00','','','troll02_priv'),
(1845,'93',0,9,'ЗиУ-682Г','1995-07-23','2017-10-01','0000-00-00','0000-00-00','','','troll02_priv'),
(1846,'94',0,9,'ЗиУ-682Г','1995-02-18','2017-10-01','0000-00-00','0000-00-00','','','troll02_priv'),
(1847,'95',0,9,'ЗиУ-682Г','1995-06-12','2017-10-01','0000-00-00','0000-00-00','','','troll02_priv'),
(1848,'96',0,9,'ЗиУ-682Г','1995-08-10','2017-10-01','0000-00-00','0000-00-00','','','troll02_priv'),
(1849,'97',0,9,'ЗиУ-682Г','1995-10-24','2017-10-01','0000-00-00','0000-00-00','','','troll02_priv'),
(1850,'98',0,9,'ЗиУ-682Г','1995-03-19','2017-10-01','0000-00-00','0000-00-00','','','troll02_priv'),
(1851,'99',0,9,'ЗиУ-682Г','1995-06-23','2017-10-01','0000-00-00','0000-00-00','','','troll02_priv'),
(1852,'100',0,9,'ЗиУ-682Г','1995-06-09','2017-10-01','0000-00-00','0000-00-00','','','troll02_priv'),
(1880,'Зав. 0649',NULL,0,'Airbus A319-114','2017-07-12','2018-06-23','0000-00-00','0000-00-00','Аэрофлот','','airport'),
(1881,'Зав. 1488',NULL,0,'Airbus A319-114','2017-07-12','2018-06-23','0000-00-00','0000-00-00','S7','','airport'),
(1882,'Зав. 1560',NULL,0,'Airbus A319-114','2017-07-12','2018-06-23','0000-00-00','0000-00-00','Vice City Airlines','','airport'),
(1883,'Зав. 1603',NULL,0,'Airbus A319-114','2017-07-12','2018-06-23','0000-00-00','0000-00-00','Liberty City Airlines','','airport'),
(1884,'Зав. 3249',NULL,0,'ТЭП70БС','2011-10-27','2019-02-19','0000-00-00','0000-00-00','В составе поезда ПАСС-2','','tch1'),
(1885,'Зав. 1673',NULL,0,'ЭП1','2003-11-25','2019-02-19','0000-00-00','0000-00-00','В составе поезда ПАСС-1','','tch1'),
(1886,'Зав. 1387',NULL,0,'ЭП1','2003-10-30','2019-02-19','0000-00-00','0000-00-00','В составе поезда ПАСС-3','','tch1'),
(1887,'б/н',NULL,0,'ЛВ-0182 (ОР18)','1953-04-22','2019-02-19','0000-00-00','0000-00-00','В составе экскурсионного поезда','','tch1'),
(1888,'[192970]',NULL,0,'ЛиАЗ-677М','1994-03-01','2016-06-13','0000-00-00','0000-00-00','Автошкола Приволжска','','specatp'),
(1889,'[174368]',NULL,0,'ЛиАЗ-677М','1989-10-01','2017-06-17','0000-00-00','0000-00-00','Автошкола Мирного','','specatp'),
(1890,'[188869]',NULL,0,'ЛиАЗ-677М','1993-03-01','2018-06-23','0000-00-00','0000-00-00','Автошкола Невского','','specatp'),
(1960,'[163611]',NULL,4,'Tatra T3SU (двухдверная)','1975-03-01','2015-08-01','0000-00-00','2016-05-30','','','depo01_priv'),
(2058,'б/н',NULL,1,'ЭР9П','1967-09-30','2017-11-17','0000-00-00','0000-00-00','','','tch3'),
(2063,'б/н',NULL,1,'ДГКу','0000-00-00','0000-00-00','0000-00-00','0000-00-00','','','tch1'),
(2064,'б/н',NULL,1,'2М62','1986-09-18','0000-00-00','0000-00-00','0000-00-00','','','tch1'),
(2075,'б/н',NULL,1,'2М62','0000-00-00','0000-00-00','0000-00-00','0000-00-00','','','tch2'),
(2126,'б/н',NULL,1,'ЛВ-0182 (ОР18)','1953-04-01','2019-02-01','0000-00-00','0000-00-00','В составе поезда победы','','tch1'),
(2127,'АМ99863',NULL,0,'ЛиАЗ-677М','1991-10-10','2016-07-08','0000-00-00','0000-00-00','145-171-187','','atp93'),
(2192,'Р871777',NULL,0,'ПАЗ-320405-04 «Vector Next»','2023-07-13','2024-05-12','0000-00-00','0000-00-00','ГИБДД по городу Мирный','','specatp');
/*!40000 ALTER TABLE `buses` ENABLE KEYS */;
UNLOCK TABLES;

--
-- Table structure for table `cats`
--

DROP TABLE IF EXISTS `cats`;
/*!40101 SET @saved_cs_client     = @@character_set_client */;
/*!40101 SET character_set_client = utf8 */;
CREATE TABLE `cats` (
  `CATS_ID` int(11) NOT NULL AUTO_INCREMENT,
  `NAME` char(50) NOT NULL,
  `TYPE` varchar(5) DEFAULT NULL,
  PRIMARY KEY (`CATS_ID`)
) ENGINE=InnoDB AUTO_INCREMENT=47 DEFAULT CHARSET=utf8mb4 COLLATE=utf8mb4_general_ci;
/*!40101 SET character_set_client = @saved_cs_client */;

--
-- Dumping data for table `cats`
--

LOCK TABLES `cats` WRITE;
/*!40000 ALTER TABLE `cats` DISABLE KEYS */;
INSERT INTO `cats` VALUES
(1,' Схемы частных автобусных маршрутов #2','atp02'),
(2,'Мероприятия и события из жизни ЧАТП #2','atp02'),
(3,'Схемы частных автобусных маршрутов #1','atp01'),
(5,'Схемы частных автобусных маршрутов #3','atp03'),
(6,'Схемы частных автобусных маршрутов #4','atp04'),
(7,'Схемы частных автобусных маршрутов #5','atp05'),
(8,'Схемы частных автобусных маршрутов #6','atp06'),
(9,'Схемы частных автобусных маршрутов #7','atp07'),
(10,'Мероприятия и события из жизни ЧАТП #1','atp01'),
(11,'Мероприятия и события из жизни ЧАТП #3','atp03'),
(12,'Мероприятия и события из жизни ЧАТП #4','atp04'),
(13,'Мероприятия и события из жизни ЧАТП #5','atp05'),
(14,'Мероприятия и события из жизни ЧАТП #6','atp06'),
(15,'Мероприятия и события из жизни ЧАТП #7','atp07'),
(16,'Схемы трамвайных маршрутов','tram'),
(17,'Схемы троллейбусных маршрутов','troll'),
(18,'Схемы муниципальных автобусных маршрутов','mpatp'),
(19,'Схемы маршрутов электробуса','ebus'),
(20,'Схемы маршрутов метро и монорельса','metro'),
(21,'Схемы водных маршрутов','fleet'),
(22,'Карты железных дорог','train'),
(23,'Схемы путей авиасообщения','plane'),
(24,'Трамвайная инфраструктура (Приволжск)','tram'),
(25,'Трамвайная инфраструктура (Мирный)','tram'),
(26,'Трамвайная инфраструктура (Невский)','tram'),
(27,'Трамвайная инфраструктура (ПГТ)','tram'),
(28,'Троллейбусная инфраструктура (Приволжск)','troll'),
(29,'Троллейбусная инфраструктура (Мирный)','troll'),
(30,'Троллейбусная инфраструктура (Невский)','troll'),
(31,'Инфраструктура электробуса (Мирный)','ebus'),
(32,'Железнодорожная (путевая) инфраструктура','train'),
(33,'Железнодорожные сооружения','train'),
(34,'Городские вокзалы','train'),
(35,'Станции','train'),
(36,'Строительные работы, реконструкции и демонтажи','train'),
(38,'Мероприятия и события из жизни железнодорожников','train'),
(39,'День Железнодорожника 2024','train'),
(40,'Нештатные ситуации','train'),
(42,'Инфраструктура','plane'),
(43,'Автобусная инфраструктура (Приволжск)','mpatp'),
(44,'Автобусная инфраструктура (Мирный)','mpatp'),
(45,'Автобусная инфраструктура (Невский)','mpatp'),
(46,'Автобусная инфраструктура (Провинция)','mpatp');
/*!40000 ALTER TABLE `cats` ENABLE KEYS */;
UNLOCK TABLES;

--
-- Table structure for table `comments`
--

DROP TABLE IF EXISTS `comments`;
/*!40101 SET @saved_cs_client     = @@character_set_client */;
/*!40101 SET character_set_client = utf8 */;
CREATE TABLE `comments` (
  `COMMENT_ID` int(11) NOT NULL AUTO_INCREMENT,
  `BODY` varchar(500) NOT NULL,
  `CREATED` date NOT NULL,
  `MODERATED` tinyint(4) DEFAULT 0,
  `PHOTO_ID` int(11) NOT NULL,
  `PROFILE_ID` int(11) NOT NULL,
  PRIMARY KEY (`COMMENT_ID`),
  KEY `COMMENT_PHOTO` (`PHOTO_ID`),
  KEY `COMMENT_PROFILE` (`PROFILE_ID`),
  CONSTRAINT `COMMENT_PHOTO` FOREIGN KEY (`PHOTO_ID`) REFERENCES `photos` (`PHOTO_ID`) ON DELETE CASCADE ON UPDATE CASCADE,
  CONSTRAINT `COMMENT_PROFILE` FOREIGN KEY (`PROFILE_ID`) REFERENCES `profiles` (`PROFILE_ID`) ON DELETE CASCADE ON UPDATE CASCADE
) ENGINE=InnoDB DEFAULT CHARSET=utf8mb4 COLLATE=utf8mb4_general_ci;
/*!40101 SET character_set_client = @saved_cs_client */;

--
-- Dumping data for table `comments`
--

LOCK TABLES `comments` WRITE;
/*!40000 ALTER TABLE `comments` DISABLE KEYS */;
/*!40000 ALTER TABLE `comments` ENABLE KEYS */;
UNLOCK TABLES;

--
-- Table structure for table `events`
--

DROP TABLE IF EXISTS `events`;
/*!40101 SET @saved_cs_client     = @@character_set_client */;
/*!40101 SET character_set_client = utf8 */;
CREATE TABLE `events` (
  `EVENT_ID` int(11) NOT NULL AUTO_INCREMENT,
  `DAY` date DEFAULT NULL,
  `ABOUT` varchar(30) DEFAULT NULL,
  `BUS_ID` int(11) DEFAULT NULL,
  `STAGE` int(11) NOT NULL,
  PRIMARY KEY (`EVENT_ID`),
  KEY `EVENT_BUS` (`BUS_ID`),
  CONSTRAINT `EVENT_BUS` FOREIGN KEY (`BUS_ID`) REFERENCES `buses` (`BUS_ID`) ON DELETE CASCADE
) ENGINE=InnoDB AUTO_INCREMENT=539 DEFAULT CHARSET=utf8mb4 COLLATE=utf8mb4_general_ci;
/*!40101 SET character_set_client = @saved_cs_client */;

--
-- Dumping data for table `events`
--

LOCK TABLES `events` WRITE;
/*!40000 ALTER TABLE `events` DISABLE KEYS */;
INSERT INTO `events` VALUES
(19,'2004-08-08','Поступил на предприятие',24,2),
(43,'2019-09-18','Поступил на предприятие',48,2),
(98,'2019-02-08','Поступил на предприятие',108,2),
(101,'2019-09-18','Поступил на предприятие',366,2),
(102,'2019-09-18','Поступил на предприятие',367,2),
(103,'2019-09-18','Поступил на предприятие',368,2),
(104,'2019-09-18','Поступил на предприятие',369,2),
(105,'2019-09-18','Поступил на предприятие',370,2),
(106,'2019-09-18','Поступил на предприятие',371,2),
(107,'2019-09-18','Поступил на предприятие',372,2),
(108,'2019-09-18','Поступил на предприятие',373,2),
(109,'2019-09-18','Поступил на предприятие',374,2),
(110,'2019-09-18','Поступил на предприятие',375,2),
(111,'2019-09-18','Поступил на предприятие',376,2),
(112,'2019-09-18','Поступил на предприятие',377,2),
(113,'2019-09-18','Поступил на предприятие',378,2),
(114,'2019-09-18','Поступил на предприятие',379,2),
(115,'2019-09-18','Поступил на предприятие',380,2),
(116,'2019-09-18','Поступил на предприятие',381,2),
(117,'2019-09-18','Поступил на предприятие',382,2),
(123,'2018-12-31','Поступил на предприятие',453,2),
(124,'2018-12-31','Поступил на предприятие',454,2),
(125,'2016-06-13','Поступил на предприятие',455,2),
(126,'2016-06-13','Поступил на предприятие',456,2),
(127,'2016-06-13','Поступил на предприятие',457,2),
(128,'2016-06-13','Поступил на предприятие',458,2),
(129,'2016-07-08','Поступил на предприятие',459,2),
(130,'2016-07-21','Поступил на предприятие',460,2),
(131,'2016-06-21','Поступил на предприятие',461,2),
(132,'2016-06-21','Поступил на предприятие',462,2),
(133,'2016-06-21','Поступил на предприятие',463,2),
(134,'2016-06-21','Поступил на предприятие',464,2),
(135,'2016-06-21','Поступил на предприятие',465,2),
(136,'2016-06-21','Поступил на предприятие',466,2),
(137,'2016-06-21','Поступил на предприятие',467,2),
(138,'2016-06-21','Поступил на предприятие',468,2),
(139,'2016-06-21','Поступил на предприятие',469,2),
(140,'2016-06-21','Поступил на предприятие',470,2),
(141,'2016-06-21','Поступил на предприятие',471,2),
(142,'2016-06-21','Поступил на предприятие',472,2),
(143,'2016-07-01','Поступил на предприятие',473,2),
(144,'2016-07-03','Поступил на предприятие',474,2),
(145,'2016-07-21','Поступил на предприятие',475,2),
(146,'2016-07-21','Поступил на предприятие',476,2),
(147,'2016-07-21','Поступил на предприятие',477,2),
(148,'2016-07-21','Поступил на предприятие',478,2),
(149,'2016-07-21','Поступил на предприятие',479,2),
(150,'2016-07-21','Поступил на предприятие',480,2),
(151,'2017-09-29','Поступил на предприятие',481,2),
(152,'2017-09-29','Поступил на предприятие',482,2),
(153,'2017-09-29','Поступил на предприятие',483,2),
(154,'2017-09-29','Поступил на предприятие',484,2),
(155,'2017-01-01','Поступил на предприятие',485,2),
(156,'2017-01-01','Поступил на предприятие',486,2),
(157,'2017-01-01','Поступил на предприятие',487,2),
(158,'2017-01-01','Поступил на предприятие',488,2),
(159,'2015-08-01','Поступил на предприятие',489,2),
(160,'2015-08-01','Поступил на предприятие',490,2),
(161,'2015-08-01','Поступил на предприятие',491,2),
(162,'2015-08-01','Поступил на предприятие',492,2),
(163,'2015-08-01','Поступил на предприятие',493,2),
(164,'2015-08-01','Поступил на предприятие',494,2),
(165,'2015-08-01','Поступил на предприятие',495,2),
(166,'2015-08-01','Поступил на предприятие',496,2),
(167,'2015-08-01','Поступил на предприятие',497,2),
(168,'2015-08-01','Поступил на предприятие',498,2),
(169,'2016-06-13','Поступил на предприятие',499,2),
(170,'2018-06-22','Поступил на предприятие',500,2),
(171,'2015-07-26','Поступил на предприятие',501,2),
(172,'2015-07-26','Поступил на предприятие',502,2),
(173,'2015-07-26','Поступил на предприятие',503,2),
(175,'2018-06-22','Поступил на предприятие',505,2),
(176,'2018-06-22','Поступил на предприятие',506,2),
(177,'2018-06-22','Поступил на предприятие',507,2),
(178,'2018-06-22','Поступил на предприятие',508,2),
(179,'2018-06-22','Поступил на предприятие',509,2),
(180,'2018-06-22','Поступил на предприятие',510,2),
(181,'2018-06-22','Поступил на предприятие',511,2),
(182,'2018-06-22','Поступил на предприятие',512,2),
(183,'2017-04-19','Поступил на предприятие',552,2),
(184,'2019-09-18','Поступил на предприятие',553,2),
(185,'2018-06-22','Поступил на предприятие',618,2),
(186,'2018-06-22','Поступил на предприятие',619,2),
(187,'2018-06-22','Поступил на предприятие',620,2),
(188,'2018-06-22','Поступил на предприятие',621,2),
(190,'2018-06-22','Поступил на предприятие',623,2),
(191,'2018-06-22','Поступил на предприятие',624,2),
(192,'2018-06-22','Поступил на предприятие',625,2),
(193,'2018-06-22','Поступил на предприятие',626,2),
(194,'2018-06-22','Поступил на предприятие',627,2),
(195,'2018-06-22','Поступил на предприятие',628,2),
(196,'2018-06-22','Поступил на предприятие',629,2),
(197,'2018-06-22','Поступил на предприятие',630,2),
(198,'2018-06-22','Поступил на предприятие',631,2),
(199,'2018-06-22','Поступил на предприятие',632,2),
(200,'2018-06-22','Поступил на предприятие',633,2),
(201,'2018-06-22','Поступил на предприятие',634,2),
(202,'2018-06-22','Поступил на предприятие',635,2),
(203,'2018-06-22','Поступил на предприятие',636,2),
(204,'2018-06-22','Поступил на предприятие',637,2),
(205,'2018-06-22','Поступил на предприятие',638,2),
(206,'2018-06-22','Поступил на предприятие',639,2),
(207,'2018-06-22','Поступил на предприятие',640,2),
(208,'2018-06-22','Поступил на предприятие',641,2),
(209,'2018-06-22','Поступил на предприятие',642,2),
(210,'2018-06-22','Поступил на предприятие',643,2),
(211,'2017-06-17','Поступил на предприятие',644,2),
(212,'2017-06-17','Поступил на предприятие',645,2),
(213,'2018-06-22','Поступил на предприятие',725,2),
(214,'2018-06-22','Поступил на предприятие',726,2),
(215,'2018-06-22','Поступил на предприятие',727,2),
(216,'2018-06-22','Поступил на предприятие',728,2),
(217,'2018-06-22','Поступил на предприятие',729,2),
(218,'2018-06-22','Поступил на предприятие',730,2),
(219,'2018-06-22','Поступил на предприятие',731,2),
(220,'2018-06-22','Поступил на предприятие',732,2),
(221,'2018-06-22','Поступил на предприятие',733,2),
(222,'2018-06-22','Поступил на предприятие',734,2),
(223,'2018-06-22','Поступил на предприятие',735,2),
(224,'2018-06-22','Поступил на предприятие',736,2),
(225,'2018-06-22','Поступил на предприятие',737,2),
(226,'2018-06-22','Поступил на предприятие',738,2),
(227,'2018-06-22','Поступил на предприятие',739,2),
(228,'2018-06-22','Поступил на предприятие',740,2),
(229,'2018-06-22','Поступил на предприятие',741,2),
(230,'2018-06-22','Поступил на предприятие',742,2),
(231,'2018-06-22','Поступил на предприятие',743,2),
(247,'2017-06-17','Поступил на предприятие',1528,2),
(251,'2019-09-18','Поступил на предприятие',1532,2),
(252,'2019-12-14','Поступил на предприятие',1533,2),
(253,'2019-12-14','Поступил на предприятие',1534,2),
(254,'2019-12-14','Поступил на предприятие',1535,2),
(255,'2019-12-14','Поступил на предприятие',1536,2),
(256,'2019-09-18','Поступил на предприятие',1537,2),
(257,'2017-06-17','Поступил на предприятие',1538,2),
(258,'2017-06-17','Поступил на предприятие',1539,2),
(259,'2019-12-14','Поступил на предприятие',1540,2),
(260,'2019-12-14','Поступил на предприятие',1541,2),
(261,'2019-09-18','Поступил на предприятие',1542,2),
(262,'2017-06-17','Поступил на предприятие',1543,2),
(263,'2017-06-17','Поступил на предприятие',1544,2),
(264,'2017-06-17','Поступил на предприятие',1545,2),
(265,'2019-09-18','Поступил на предприятие',1546,2),
(266,'2019-12-14','Поступил на предприятие',1547,2),
(267,'2017-06-17','Поступил на предприятие',1548,2),
(268,'2017-06-17','Поступил на предприятие',1549,2),
(269,'2017-06-17','Поступил на предприятие',1550,2),
(270,'2017-06-17','Поступил на предприятие',1551,2),
(271,'2017-12-17','Поступил на предприятие',1552,2),
(272,'2017-09-28','Поступил на предприятие',1553,2),
(273,'2017-09-28','Поступил на предприятие',1554,2),
(274,'2017-09-28','Поступил на предприятие',1555,2),
(275,'2017-09-28','Поступил на предприятие',1556,2),
(276,'2017-09-28','Поступил на предприятие',1557,2),
(277,'2017-09-28','Поступил на предприятие',1558,2),
(278,'2016-06-13','Поступил на предприятие',1559,2),
(279,'2017-06-17','Поступил на предприятие',1560,2),
(280,'2017-06-17','Поступил на предприятие',1561,2),
(281,'2017-06-17','Поступил на предприятие',1562,2),
(282,'2018-06-23','Поступил на предприятие',1563,2),
(283,'2018-06-23','Поступил на предприятие',1564,2),
(284,'2018-06-23','Поступил на предприятие',1565,2),
(285,'2018-06-23','Поступил на предприятие',1566,2),
(286,'2017-06-17','Поступил на предприятие',1567,2),
(287,'2017-06-17','Поступил на предприятие',1568,2),
(288,'2017-06-17','Поступил на предприятие',1569,2),
(289,'2017-06-17','Поступил на предприятие',1570,2),
(294,'2019-09-19','Поступил на предприятие',1733,2),
(295,'2018-07-21','Поступил на предприятие',1734,2),
(296,'2018-07-21','Поступил на предприятие',1735,2),
(297,'2018-07-21','Поступил на предприятие',1736,2),
(298,'2018-07-21','Поступил на предприятие',1737,2),
(299,'2018-07-21','Поступил на предприятие',1738,2),
(300,'2019-09-19','Поступил на предприятие',1739,2),
(301,'2018-06-23','Поступил на предприятие',1740,2),
(302,'2018-06-23','Поступил на предприятие',1741,2),
(303,'2018-06-23','Поступил на предприятие',1742,2),
(304,'2019-09-19','Поступил на предприятие',1743,2),
(305,'2019-09-19','Поступил на предприятие',1744,2),
(306,'2018-06-23','Поступил на предприятие',1745,2),
(307,'2018-06-23','Поступил на предприятие',1746,2),
(308,'2018-06-23','Поступил на предприятие',1747,2),
(309,'2018-06-23','Поступил на предприятие',1748,2),
(310,'2014-12-02','Поступил на предприятие',1749,2),
(311,'2014-12-02','Поступил на предприятие',1750,2),
(312,'2016-06-13','Поступил на предприятие',1751,2),
(313,'2016-06-13','Поступил на предприятие',1752,2),
(314,'2018-06-23','Поступил на предприятие',1880,2),
(315,'2018-06-23','Поступил на предприятие',1881,2),
(316,'2018-06-23','Поступил на предприятие',1882,2),
(317,'2018-06-23','Поступил на предприятие',1883,2),
(318,'2019-02-19','Поступил на предприятие',1884,2),
(319,'2019-02-19','Поступил на предприятие',1885,2),
(320,'2019-02-19','Поступил на предприятие',1886,2),
(321,'2019-02-19','Поступил на предприятие',1887,2),
(322,'2016-06-13','Поступил на предприятие',1888,2),
(323,'2017-06-17','Поступил на предприятие',1889,2),
(324,'2018-06-23','Поступил на предприятие',1890,2),
(331,'2015-08-01','Поступил на предприятие',1960,2),
(385,'2017-11-17','Поступил на предприятие',2058,2),
(390,'2017-11-19','Поступил на предприятие',2064,2),
(505,'2024-05-12','Поступил на предприятие',2192,2);
/*!40000 ALTER TABLE `events` ENABLE KEYS */;
UNLOCK TABLES;

--
-- Table structure for table `fakebuses`
--

DROP TABLE IF EXISTS `fakebuses`;
/*!40101 SET @saved_cs_client     = @@character_set_client */;
/*!40101 SET character_set_client = utf8 */;
CREATE TABLE `fakebuses` (
  `FAKEBUS_ID` int(11) NOT NULL AUTO_INCREMENT,
  `GOS_NUMBER` char(9) NOT NULL,
  `STAGE` tinyint(4) DEFAULT NULL,
  `MODEL` varchar(100) DEFAULT NULL,
  `MADE` date DEFAULT NULL,
  `START` date DEFAULT NULL,
  `END` date DEFAULT NULL,
  `DELETED` date DEFAULT NULL,
  `ABOUT` varchar(255) DEFAULT NULL,
  `PARK` varchar(50) DEFAULT NULL,
  `ATP_ID` char(20) DEFAULT NULL,
  `PHOTO_ID` int(11) DEFAULT NULL,
  `PROFILE_ID` int(11) DEFAULT NULL,
  `CREATED` timestamp NOT NULL DEFAULT current_timestamp() ON UPDATE current_timestamp(),
  `MARK` tinyint(4) DEFAULT NULL,
  PRIMARY KEY (`FAKEBUS_ID`)
) ENGINE=InnoDB DEFAULT CHARSET=utf8mb4 COLLATE=utf8mb4_general_ci;
/*!40101 SET character_set_client = @saved_cs_client */;

--
-- Dumping data for table `fakebuses`
--

LOCK TABLES `fakebuses` WRITE;
/*!40000 ALTER TABLE `fakebuses` DISABLE KEYS */;
/*!40000 ALTER TABLE `fakebuses` ENABLE KEYS */;
UNLOCK TABLES;

--
-- Table structure for table `likes`
--

DROP TABLE IF EXISTS `likes`;
/*!40101 SET @saved_cs_client     = @@character_set_client */;
/*!40101 SET character_set_client = utf8 */;
CREATE TABLE `likes` (
  `PHOTO_ID` int(11) NOT NULL,
  `PROFILE_ID` int(11) NOT NULL,
  `CREATED` date NOT NULL,
  PRIMARY KEY (`PHOTO_ID`,`PROFILE_ID`),
  KEY `LIKE_PROFILE` (`PROFILE_ID`),
  CONSTRAINT `LIKE_PHOTO` FOREIGN KEY (`PHOTO_ID`) REFERENCES `photos` (`PHOTO_ID`) ON DELETE CASCADE ON UPDATE CASCADE,
  CONSTRAINT `LIKE_PROFILE` FOREIGN KEY (`PROFILE_ID`) REFERENCES `profiles` (`PROFILE_ID`) ON DELETE CASCADE ON UPDATE CASCADE
) ENGINE=InnoDB DEFAULT CHARSET=utf8mb4 COLLATE=utf8mb4_general_ci;
/*!40101 SET character_set_client = @saved_cs_client */;

--
-- Dumping data for table `likes`
--

LOCK TABLES `likes` WRITE;
/*!40000 ALTER TABLE `likes` DISABLE KEYS */;
/*!40000 ALTER TABLE `likes` ENABLE KEYS */;
UNLOCK TABLES;

--
-- Table structure for table `logins`
--

DROP TABLE IF EXISTS `logins`;
/*!40101 SET @saved_cs_client     = @@character_set_client */;
/*!40101 SET character_set_client = utf8 */;
CREATE TABLE `logins` (
  `LOGIN_ID` bigint(20) NOT NULL AUTO_INCREMENT,
  `VKID` bigint(20) DEFAULT NULL,
  `IP` char(50) DEFAULT NULL,
  `T` timestamp NOT NULL DEFAULT current_timestamp() ON UPDATE current_timestamp(),
  PRIMARY KEY (`LOGIN_ID`)
) ENGINE=InnoDB AUTO_INCREMENT=2 DEFAULT CHARSET=utf8mb4 COLLATE=utf8mb4_general_ci;
/*!40101 SET character_set_client = @saved_cs_client */;

--
-- Dumping data for table `logins`
--

LOCK TABLES `logins` WRITE;
/*!40000 ALTER TABLE `logins` DISABLE KEYS */;
INSERT INTO `logins` VALUES
(1,348066085,'127.0.0.1','2024-07-25 10:24:47');
/*!40000 ALTER TABLE `logins` ENABLE KEYS */;
UNLOCK TABLES;

--
-- Table structure for table `logs`
--

DROP TABLE IF EXISTS `logs`;
/*!40101 SET @saved_cs_client     = @@character_set_client */;
/*!40101 SET character_set_client = utf8 */;
CREATE TABLE `logs` (
  `LOG_ID` int(11) NOT NULL AUTO_INCREMENT,
  `PROFILE_ID` int(11) NOT NULL,
  `DID` datetime NOT NULL,
  `DONE` char(50) NOT NULL,
  `MARK` tinyint(4) DEFAULT NULL,
  `OLDA` char(255) DEFAULT NULL,
  `OLDB` char(255) DEFAULT NULL,
  `OLDC` char(255) DEFAULT NULL,
  `NEWA` char(255) DEFAULT NULL,
  `NEWB` char(255) DEFAULT NULL,
  `NEWC` char(255) DEFAULT NULL,
  `VKID` bigint(20) DEFAULT NULL,
  `IP` char(100) DEFAULT NULL,
  PRIMARY KEY (`LOG_ID`)
) ENGINE=InnoDB AUTO_INCREMENT=3 DEFAULT CHARSET=utf8mb4 COLLATE=utf8mb4_general_ci;
/*!40101 SET character_set_client = @saved_cs_client */;

--
-- Dumping data for table `logs`
--

LOCK TABLES `logs` WRITE;
/*!40000 ALTER TABLE `logs` DISABLE KEYS */;
INSERT INTO `logs` VALUES
(1,9,'2024-07-25 13:24:47','Авторизовался на сайте',NULL,NULL,NULL,NULL,NULL,NULL,NULL,NULL,'127.0.0.1'),
(2,9,'2024-07-25 13:33:28','Отредактировал фото',5,NULL,NULL,NULL,'3улица Ленина2024-06-28010None','',NULL,348066085,'127.0.0.1');
/*!40000 ALTER TABLE `logs` ENABLE KEYS */;
UNLOCK TABLES;

--
-- Table structure for table `models`
--

DROP TABLE IF EXISTS `models`;
/*!40101 SET @saved_cs_client     = @@character_set_client */;
/*!40101 SET character_set_client = utf8 */;
CREATE TABLE `models` (
  `MODEL` char(50) NOT NULL,
  `ABOUT` char(100) DEFAULT NULL,
  `TYPE` tinyint(4) DEFAULT NULL,
  PRIMARY KEY (`MODEL`)
) ENGINE=InnoDB DEFAULT CHARSET=utf8mb4 COLLATE=utf8mb4_general_ci;
/*!40101 SET character_set_client = @saved_cs_client */;

--
-- Dumping data for table `models`
--

LOCK TABLES `models` WRITE;
/*!40000 ALTER TABLE `models` DISABLE KEYS */;
INSERT INTO `models` VALUES
('2М62','',6),
('71-405','',4),
('71-605 (КТМ-5М3)','',4),
('71-608М','',4),
('71-619КТ','',4),
('71-911 «City Star»','',4),
('71-911ЕМ «Львёнок»','',4),
('71-931М «Витязь-М»','',4),
('81-540.2','',5),
('81-541.2','',5),
('81-714.5 (ЛВЗ/ВМ)','',5),
('81-717.5 (ЛВЗ/ВМ)','',5),
('Airbus A319-111','',8),
('Airbus A319-112','',8),
('Airbus A319-114','',8),
('Ataman А09304','',1),
('Autosan H10-11.11B','',1),
('Gotha T57','',4),
('Hyundai County SWB C08','',1),
('Ikarus 250.59','',1),
('Ikarus 256.54','',1),
('Ikarus 260.50','общая модель для разных типов открывания дверей не разделяется',1),
('Mercedes-Benz O345','',1),
('Pacific Electric','',4),
('Scania OmniLink CK95UB (2-2-0)','',1),
('Scania OmniLink CK95UB (2-2-1)','',1),
('Scania Touring HD (Higer A80T)','',1),
('Tatra T3SU','',4),
('Tatra T3SU (двухдверная)','',4),
('Tatra T6B5SU','',4),
('Volgabus 5270.02','',1),
('Volgabus 5270.G2','',1),
('«Аврора М» (РК-52)','',9),
('Богдан А09202','',1),
('Богдан А09302','',1),
('ГАЗ-322132 «Газель Бизнес»','',1),
('ГАЗ-A64R42 «Ситилайн»','',1),
('ГС-4 (КРТТЗ)','',4),
('ДГКу','',6),
('ЗиУ-682Г','',2),
('ЗиУ-682Г-016.02','',2),
('КАвЗ-3100 «Сибирь»','',1),
('КАвЗ-3270','',1),
('КАвЗ-4238-01 «Аврора»','',1),
('КАвЗ-685М','',1),
('КАМАЗ-6282','',3),
('Контейнеровоз','',9),
('ЛАЗ-4207','',1),
('ЛАЗ-5207','',1),
('ЛАЗ-695Н','',1),
('ЛАЗ-695НГ','ставится для автобусов с установленным ГБО на крыше',1),
('ЛАЗ-697Р','',1),
('ЛАЗ-699Р','',1),
('ЛВ-0182 (ОР18)','',6),
('ЛиАЗ-4292.60 (1-2-1)','',1),
('ЛиАЗ-5256.00','общая модель для раннего и позднего не разделяется',1),
('ЛиАЗ-5256.00-11','',1),
('ЛиАЗ-5256.40','',1),
('ЛиАЗ-5256.53','',1),
('ЛиАЗ-5292.22 (2-2-2)','',1),
('ЛиАЗ-5292.30','',1),
('ЛиАЗ-677','',1),
('ЛиАЗ-677М','',1),
('ЛиАЗ-677Э','',1),
('ЛМ-68М','',4),
('Луидор-223201 (MB Sprinter Classic)','общая модель для разных вариантов окон не разделяется',1),
('МАЗ-203.069','',1),
('Москва Р-51','',9),
('ПАЗ-320405-04 «Vector Next»','',1),
('ПАЗ-320414-05 «Вектор»','',1),
('ПАЗ-32053','общая модель для дорестайлинга и рестайлинга не разделяется',1),
('ПАЗ-32054','общая модель для дорестайлинга и рестайлинга не разделяется',1),
('ПАЗ-32054-07','',1),
('ПАЗ-4230-03 «Аврора»','',1),
('ПАЗ-4234','',1),
('ПАЗ-672М','',1),
('проект 588 (ГДР)','',9),
('проект Мудьюг (Финляндия)',NULL,9),
('Тролза-5265.08 «Мегаполис»','',2),
('ТЭП70БС','',6),
('ЭП1','',6),
('ЭПС','',7),
('ЭР9П','',6);
/*!40000 ALTER TABLE `models` ENABLE KEYS */;
UNLOCK TABLES;

--
-- Table structure for table `photobus`
--

DROP TABLE IF EXISTS `photobus`;
/*!40101 SET @saved_cs_client     = @@character_set_client */;
/*!40101 SET character_set_client = utf8 */;
CREATE TABLE `photobus` (
  `PHOTO_ID` int(11) NOT NULL,
  `BUS_ID` int(11) NOT NULL,
  `ROUTE` char(50) NOT NULL,
  PRIMARY KEY (`PHOTO_ID`,`BUS_ID`),
  KEY `to_bus` (`BUS_ID`),
  CONSTRAINT `to_bus` FOREIGN KEY (`BUS_ID`) REFERENCES `buses` (`BUS_ID`) ON UPDATE CASCADE,
  CONSTRAINT `to_photo` FOREIGN KEY (`PHOTO_ID`) REFERENCES `photos` (`PHOTO_ID`) ON UPDATE CASCADE
) ENGINE=InnoDB DEFAULT CHARSET=utf8mb4 COLLATE=utf8mb4_general_ci;
/*!40101 SET character_set_client = @saved_cs_client */;

--
-- Dumping data for table `photobus`
--

LOCK TABLES `photobus` WRITE;
/*!40000 ALTER TABLE `photobus` DISABLE KEYS */;
INSERT INTO `photobus` VALUES
(1,502,'Маршрут: 1'),
(2,646,'Маршрут: Т4'),
(3,1528,'Маршрут: 3'),
(4,671,'Маршрут: 71'),
(5,108,'324');
/*!40000 ALTER TABLE `photobus` ENABLE KEYS */;
UNLOCK TABLES;

--
-- Table structure for table `photocats`
--

DROP TABLE IF EXISTS `photocats`;
/*!40101 SET @saved_cs_client     = @@character_set_client */;
/*!40101 SET character_set_client = utf8 */;
CREATE TABLE `photocats` (
  `PHOTO_ID` int(11) NOT NULL,
  `CATS_ID` int(11) NOT NULL,
  PRIMARY KEY (`PHOTO_ID`,`CATS_ID`),
  KEY `cats_to_cats` (`CATS_ID`),
  CONSTRAINT `cats_to_cats` FOREIGN KEY (`CATS_ID`) REFERENCES `cats` (`CATS_ID`) ON UPDATE CASCADE,
  CONSTRAINT `cats_to_photo` FOREIGN KEY (`PHOTO_ID`) REFERENCES `photos` (`PHOTO_ID`) ON UPDATE CASCADE
) ENGINE=InnoDB DEFAULT CHARSET=utf8mb4 COLLATE=utf8mb4_general_ci;
/*!40101 SET character_set_client = @saved_cs_client */;

--
-- Dumping data for table `photocats`
--

LOCK TABLES `photocats` WRITE;
/*!40000 ALTER TABLE `photocats` DISABLE KEYS */;
INSERT INTO `photocats` VALUES
(6,27);
/*!40000 ALTER TABLE `photocats` ENABLE KEYS */;
UNLOCK TABLES;

--
-- Table structure for table `photos`
--

DROP TABLE IF EXISTS `photos`;
/*!40101 SET @saved_cs_client     = @@character_set_client */;
/*!40101 SET character_set_client = utf8 */;
CREATE TABLE `photos` (
  `PHOTO_ID` int(11) NOT NULL AUTO_INCREMENT,
  `PATH` bigint(20) NOT NULL,
  `ABOUT` varchar(255) DEFAULT NULL,
  `SCRINED` date DEFAULT NULL,
  `PUBLISHED` date DEFAULT NULL,
  `MODERATED` tinyint(1) DEFAULT 0,
  `STAGE` int(11) NOT NULL,
  `PROFILE_ID` int(11) DEFAULT NULL,
  `TITLE` varchar(50) DEFAULT NULL,
  `COMMENT` varchar(100) DEFAULT NULL,
  `ISAI` tinyint(4) DEFAULT NULL,
  `ISAUTHOR` tinyint(4) DEFAULT NULL,
  `MARK` tinyint(4) DEFAULT 3,
  `ADM` bigint(20) DEFAULT 5,
  PRIMARY KEY (`PHOTO_ID`),
  KEY `PROFILE_ID` (`PROFILE_ID`),
  CONSTRAINT `PHOTOS_ibfk_1` FOREIGN KEY (`PROFILE_ID`) REFERENCES `profiles` (`PROFILE_ID`) ON DELETE SET NULL ON UPDATE SET NULL
) ENGINE=InnoDB AUTO_INCREMENT=7 DEFAULT CHARSET=utf8mb4 COLLATE=utf8mb4_general_ci;
/*!40101 SET character_set_client = @saved_cs_client */;

--
-- Dumping data for table `photos`
--

LOCK TABLES `photos` WRITE;
/*!40000 ALTER TABLE `photos` DISABLE KEYS */;
INSERT INTO `photos` VALUES
(1,1306,'','2024-07-13','2024-07-25',15,0,9,'Улица Полевая',NULL,0,1,3,5),
(2,9058,'','2024-07-01','2024-07-25',15,0,9,'К/ст Аэропорт \"Угрюмоч\"',NULL,0,0,3,5),
(3,7366,'','2024-06-28','2024-07-25',15,0,9,'улица Ленина','None',0,1,3,5),
(4,5475,'','2024-06-27','2024-07-25',15,0,9,'Магистральное шоссе',NULL,0,1,3,5),
(5,4118,'Выезжает из депо','2024-04-01','2024-07-25',15,0,9,'ТЧЭ-1',NULL,0,0,3,5),
(6,9238,'Трамвайный завод Провинции','2024-07-01','2024-07-25',15,0,9,'ПровинцТрансМаш ПГТ Волчанск',NULL,0,0,3,5);
/*!40000 ALTER TABLE `photos` ENABLE KEYS */;
UNLOCK TABLES;

--
-- Table structure for table `profiles`
--

DROP TABLE IF EXISTS `profiles`;
/*!40101 SET @saved_cs_client     = @@character_set_client */;
/*!40101 SET character_set_client = utf8 */;
CREATE TABLE `profiles` (
  `PROFILE_ID` int(11) NOT NULL AUTO_INCREMENT,
  `REGISTER` date NOT NULL,
  `VKID` bigint(20) NOT NULL,
  `NAME` varchar(30) NOT NULL,
  `NICK` varchar(30) NOT NULL,
  `SHOWVK` tinyint(1) NOT NULL,
  `ABOUT` varchar(400) DEFAULT NULL,
  `NICKNAME` varchar(200) DEFAULT NULL,
  `BUS` varchar(50) DEFAULT NULL,
  `RANG` tinyint(4) NOT NULL DEFAULT 5,
  PRIMARY KEY (`PROFILE_ID`),
  UNIQUE KEY `VKID` (`VKID`)
) ENGINE=InnoDB AUTO_INCREMENT=128 DEFAULT CHARSET=utf8mb4 COLLATE=utf8mb4_general_ci;
/*!40101 SET character_set_client = @saved_cs_client */;

--
-- Dumping data for table `profiles`
--

LOCK TABLES `profiles` WRITE;
/*!40000 ALTER TABLE `profiles` DISABLE KEYS */;
INSERT INTO `profiles` VALUES
(9,'2024-02-14',348066085,'Алексей','Alex_Trofimov',1,'Это демонстрационный профиль','','Scania Omnilink I',99);
/*!40000 ALTER TABLE `profiles` ENABLE KEYS */;
UNLOCK TABLES;
/*!40103 SET TIME_ZONE=@OLD_TIME_ZONE */;

/*!40101 SET SQL_MODE=@OLD_SQL_MODE */;
/*!40014 SET FOREIGN_KEY_CHECKS=@OLD_FOREIGN_KEY_CHECKS */;
/*!40014 SET UNIQUE_CHECKS=@OLD_UNIQUE_CHECKS */;
/*!40101 SET CHARACTER_SET_CLIENT=@OLD_CHARACTER_SET_CLIENT */;
/*!40101 SET CHARACTER_SET_RESULTS=@OLD_CHARACTER_SET_RESULTS */;
/*!40101 SET COLLATION_CONNECTION=@OLD_COLLATION_CONNECTION */;
/*!40111 SET SQL_NOTES=@OLD_SQL_NOTES */;

-- Dump completed on 2024-07-25 14:01:24
